split,v21_layer,v22_layer,linear_cka
public,PRE,PRE,0.884247
private,PRE,PRE,0.882138
public,PRE,L1,0.538382
private,PRE,L1,0.536750
public,PRE,L2,0.234273
private,PRE,L2,0.231509
public,PRE,L3,0.156857
private,PRE,L3,0.150670
public,PRE,L4,0.159876
private,PRE,L4,0.153412
public,PRE,L5,0.162278
private,PRE,L5,0.157059
public,L1,PRE,0.540568
private,L1,PRE,0.532781
public,L1,L1,0.597300
private,L1,L1,0.600904
public,L1,L2,0.438294
private,L1,L2,0.451770
public,L1,L3,0.368977
private,L1,L3,0.380521
public,L1,L4,0.366382
private,L1,L4,0.376905
public,L1,L5,0.362926
private,L1,L5,0.370610
public,L2,PRE,0.246950
private,L2,PRE,0.239846
public,L2,L1,0.479428
private,L2,L1,0.476422
public,L2,L2,0.676773
private,L2,L2,0.681125
public,L2,L3,0.684069
private,L2,L3,0.692205
public,L2,L4,0.674658
private,L2,L4,0.682058
public,L2,L5,0.657185
private,L2,L5,0.659625
public,L3,PRE,0.201152
private,L3,PRE,0.195378
public,L3,L1,0.434842
private,L3,L1,0.434576
public,L3,L2,0.677262
private,L3,L2,0.681580
public,L3,L3,0.708223
private,L3,L3,0.718097
public,L3,L4,0.699654
private,L3,L4,0.708905
public,L3,L5,0.682169
private,L3,L5,0.686854
public,L4,PRE,0.209459
private,L4,PRE,0.204321
public,L4,L1,0.430274
private,L4,L1,0.429029
public,L4,L2,0.658260
private,L4,L2,0.660379
public,L4,L3,0.687734
private,L4,L3,0.695709
public,L4,L4,0.682579
private,L4,L4,0.690201
public,L4,L5,0.669951
private,L4,L5,0.673769
public,L5,PRE,0.217036
private,L5,PRE,0.212763
public,L5,L1,0.424062
private,L5,L1,0.422122
public,L5,L2,0.630578
private,L5,L2,0.630310
public,L5,L3,0.657323
private,L5,L3,0.663331
public,L5,L4,0.655528
private,L5,L4,0.661574
public,L5,L5,0.647729
private,L5,L5,0.650528
