split,true_class,predicted_class,pair_label,n_errors_v21,n_errors_v22,shared_error_count,union_error_count,shared_error_fraction_of_union,mean_confidence_on_shared,mean_fusion_cosine_on_shared,mean_fusion_cosine_both_correct_baseline
public,Angry,Disgust,Angry -> Disgust,8,6,2,12,0.1667,0.9009,0.4490,0.5886
public,Angry,Fear,Angry -> Fear,41,52,27,66,0.4091,0.8078,0.4856,0.5886
public,Angry,Happy,Angry -> Happy,23,21,14,30,0.4667,0.8388,0.5650,0.5886
public,Angry,Sad,Angry -> Sad,58,54,33,79,0.4177,0.7489,0.4862,0.5886
public,Angry,Surprise,Angry -> Surprise,15,11,9,17,0.5294,0.7212,0.5038,0.5886
public,Angry,Neutral,Angry -> Neutral,36,30,17,49,0.3469,0.7545,0.5469,0.5886
public,Disgust,Angry,Disgust -> Angry,9,10,6,13,0.4615,0.7200,0.4500,0.5886
public,Disgust,Fear,Disgust -> Fear,2,0,0,2,0.0000,0.0000,0.0000,0.5886
public,Disgust,Happy,Disgust -> Happy,3,2,2,3,0.6667,0.7032,0.5687,0.5886
public,Disgust,Sad,Disgust -> Sad,7,6,3,10,0.3000,0.8127,0.5235,0.5886
public,Disgust,Surprise,Disgust -> Surprise,1,1,1,1,1.0000,0.6616,0.4780,0.5886
public,Disgust,Neutral,Disgust -> Neutral,2,4,1,5,0.2000,0.6699,0.3074,0.5886
public,Fear,Angry,Fear -> Angry,41,50,29,62,0.4677,0.8114,0.5012,0.5886
public,Fear,Disgust,Fear -> Disgust,4,2,0,6,0.0000,0.0000,0.0000,0.5886
public,Fear,Happy,Fear -> Happy,12,11,5,18,0.2778,0.8521,0.5708,0.5886
public,Fear,Sad,Fear -> Sad,88,91,60,119,0.5042,0.7562,0.4879,0.5886
public,Fear,Surprise,Fear -> Surprise,40,34,27,47,0.5745,0.8147,0.5588,0.5886
public,Fear,Neutral,Fear -> Neutral,54,50,35,69,0.5072,0.7510,0.5364,0.5886
public,Happy,Angry,Happy -> Angry,19,16,7,28,0.2500,0.7748,0.4039,0.5886
public,Happy,Disgust,Happy -> Disgust,0,1,0,1,0.0000,0.0000,0.0000,0.5886
public,Happy,Fear,Happy -> Fear,17,11,5,23,0.2174,0.7902,0.5013,0.5886
public,Happy,Sad,Happy -> Sad,23,21,9,35,0.2571,0.7204,0.4479,0.5886
public,Happy,Surprise,Happy -> Surprise,19,19,14,24,0.5833,0.8456,0.5459,0.5886
public,Happy,Neutral,Happy -> Neutral,53,53,38,68,0.5588,0.8028,0.5784,0.5886
public,Sad,Angry,Sad -> Angry,70,66,39,97,0.4021,0.7655,0.4909,0.5886
public,Sad,Disgust,Sad -> Disgust,4,4,2,6,0.3333,0.6562,0.3516,0.5886
public,Sad,Fear,Sad -> Fear,69,58,32,95,0.3368,0.7228,0.4555,0.5886
public,Sad,Happy,Sad -> Happy,19,30,13,36,0.3611,0.7699,0.5538,0.5886
public,Sad,Surprise,Sad -> Surprise,8,9,3,14,0.2143,0.8377,0.5501,0.5886
public,Sad,Neutral,Sad -> Neutral,87,80,49,118,0.4153,0.7616,0.5424,0.5886
public,Surprise,Angry,Surprise -> Angry,12,13,8,17,0.4706,0.7781,0.4603,0.5886
public,Surprise,Fear,Surprise -> Fear,28,28,14,42,0.3333,0.8212,0.5736,0.5886
public,Surprise,Happy,Surprise -> Happy,14,10,8,16,0.5000,0.8604,0.6476,0.5886
public,Surprise,Sad,Surprise -> Sad,7,12,3,16,0.1875,0.8116,0.4118,0.5886
public,Surprise,Neutral,Surprise -> Neutral,6,4,2,8,0.2500,0.9048,0.5231,0.5886
public,Neutral,Angry,Neutral -> Angry,40,44,20,64,0.3125,0.7599,0.4634,0.5886
public,Neutral,Disgust,Neutral -> Disgust,0,2,0,2,0.0000,0.0000,0.0000,0.5886
public,Neutral,Fear,Neutral -> Fear,25,20,10,35,0.2857,0.6881,0.4323,0.5886
public,Neutral,Happy,Neutral -> Happy,46,50,33,63,0.5238,0.8097,0.5955,0.5886
public,Neutral,Sad,Neutral -> Sad,86,95,51,130,0.3923,0.7461,0.4868,0.5886
public,Neutral,Surprise,Neutral -> Surprise,7,6,2,11,0.1818,0.8057,0.5661,0.5886
private,Angry,Disgust,Angry -> Disgust,10,6,3,13,0.2308,0.8046,0.4834,0.5913
private,Angry,Fear,Angry -> Fear,43,44,21,66,0.3182,0.7681,0.5121,0.5913
private,Angry,Happy,Angry -> Happy,10,16,5,21,0.2381,0.7979,0.5430,0.5913
private,Angry,Sad,Angry -> Sad,63,74,42,95,0.4421,0.7796,0.4936,0.5913
private,Angry,Surprise,Angry -> Surprise,8,8,4,12,0.3333,0.8245,0.5057,0.5913
private,Angry,Neutral,Angry -> Neutral,51,38,24,65,0.3692,0.7508,0.5434,0.5913
private,Disgust,Angry,Disgust -> Angry,9,12,8,13,0.6154,0.8370,0.4701,0.5913
private,Disgust,Fear,Disgust -> Fear,2,2,1,3,0.3333,0.9446,0.5288,0.5913
private,Disgust,Happy,Disgust -> Happy,1,0,0,1,0.0000,0.0000,0.0000,0.5913
private,Disgust,Sad,Disgust -> Sad,0,2,0,2,0.0000,0.0000,0.0000,0.5913
private,Disgust,Surprise,Disgust -> Surprise,1,1,1,1,1.0000,0.5962,0.4737,0.5913
private,Disgust,Neutral,Disgust -> Neutral,1,0,0,1,0.0000,0.0000,0.0000,0.5913
private,Fear,Angry,Fear -> Angry,57,60,34,83,0.4096,0.8265,0.5049,0.5913
private,Fear,Disgust,Fear -> Disgust,6,4,3,7,0.4286,0.6526,0.4641,0.5913
private,Fear,Happy,Fear -> Happy,10,15,7,18,0.3889,0.7549,0.5997,0.5913
private,Fear,Sad,Fear -> Sad,100,94,65,129,0.5039,0.7475,0.5071,0.5913
private,Fear,Surprise,Fear -> Surprise,33,35,23,45,0.5111,0.8514,0.5735,0.5913
private,Fear,Neutral,Fear -> Neutral,41,52,29,64,0.4531,0.7257,0.5252,0.5913
private,Happy,Angry,Happy -> Angry,20,20,10,30,0.3333,0.7055,0.4215,0.5913
private,Happy,Fear,Happy -> Fear,13,11,5,19,0.2632,0.7870,0.5066,0.5913
private,Happy,Sad,Happy -> Sad,32,28,14,46,0.3043,0.7286,0.4767,0.5913
private,Happy,Surprise,Happy -> Surprise,19,15,11,23,0.4783,0.8470,0.5950,0.5913
private,Happy,Neutral,Happy -> Neutral,33,36,15,54,0.2778,0.7818,0.5539,0.5913
private,Sad,Angry,Sad -> Angry,59,63,29,93,0.3118,0.7345,0.4666,0.5913
private,Sad,Disgust,Sad -> Disgust,2,2,1,3,0.3333,0.7314,0.5859,0.5913
private,Sad,Fear,Sad -> Fear,63,61,29,95,0.3053,0.7414,0.4646,0.5913
private,Sad,Happy,Sad -> Happy,30,26,19,37,0.5135,0.7539,0.5178,0.5913
private,Sad,Surprise,Sad -> Surprise,7,2,2,7,0.2857,0.9326,0.6033,0.5913
private,Sad,Neutral,Sad -> Neutral,99,105,65,139,0.4676,0.7909,0.5565,0.5913
private,Surprise,Angry,Surprise -> Angry,5,8,2,11,0.1818,0.7953,0.4813,0.5913
private,Surprise,Fear,Surprise -> Fear,31,29,14,46,0.3043,0.7598,0.4953,0.5913
private,Surprise,Happy,Surprise -> Happy,16,16,10,22,0.4545,0.8241,0.6389,0.5913
private,Surprise,Sad,Surprise -> Sad,8,8,4,12,0.3333,0.8105,0.4946,0.5913
private,Surprise,Neutral,Surprise -> Neutral,4,6,2,8,0.2500,0.8263,0.5074,0.5913
private,Neutral,Angry,Neutral -> Angry,30,35,11,54,0.2037,0.6698,0.4352,0.5913
private,Neutral,Disgust,Neutral -> Disgust,2,1,1,2,0.5000,0.5511,0.3452,0.5913
private,Neutral,Fear,Neutral -> Fear,34,33,15,52,0.2885,0.6833,0.4329,0.5913
private,Neutral,Happy,Neutral -> Happy,30,31,17,44,0.3864,0.8341,0.6094,0.5913
private,Neutral,Sad,Neutral -> Sad,87,85,49,123,0.3984,0.7448,0.4898,0.5913
private,Neutral,Surprise,Neutral -> Surprise,9,9,5,13,0.3846,0.8430,0.4972,0.5913
