split,type,row_index,true_label,true_class,v2_1_pred,v2_1_pred_class,v2_2_pred,v2_2_pred_class,v2_1_confidence,v2_2_confidence,conf_diff
public,v21_correct_v22_wrong,818,0,Angry,0,Angry,4,Sad,0.3025,0.9204,-0.6179
public,v21_correct_v22_wrong,1002,6,Neutral,6,Neutral,3,Happy,0.9321,0.3213,0.6108
public,v21_correct_v22_wrong,218,0,Angry,0,Angry,4,Sad,0.3455,0.9487,-0.6033
public,v21_correct_v22_wrong,2385,4,Sad,4,Sad,6,Neutral,0.9468,0.3555,0.5913
public,v21_correct_v22_wrong,2482,4,Sad,4,Sad,0,Angry,0.9380,0.3552,0.5828
public,v21_correct_v22_wrong,1963,3,Happy,3,Happy,2,Fear,0.9463,0.3899,0.5564
public,v21_correct_v22_wrong,3334,3,Happy,3,Happy,6,Neutral,0.9263,0.3708,0.5554
public,v21_correct_v22_wrong,1445,4,Sad,4,Sad,6,Neutral,0.4053,0.9546,-0.5493
public,v21_correct_v22_wrong,289,2,Fear,2,Fear,6,Neutral,0.3633,0.9038,-0.5405
public,v21_correct_v22_wrong,2461,3,Happy,3,Happy,0,Angry,0.9512,0.4229,0.5283
public,v21_correct_v22_wrong,3205,2,Fear,2,Fear,4,Sad,0.3699,0.8950,-0.5251
public,v21_correct_v22_wrong,3280,2,Fear,2,Fear,0,Angry,0.4355,0.9517,-0.5161
public,v21_correct_v22_wrong,1908,4,Sad,4,Sad,2,Fear,0.4333,0.9492,-0.5159
public,v21_correct_v22_wrong,2387,6,Neutral,6,Neutral,3,Happy,0.9326,0.4241,0.5085
public,v21_correct_v22_wrong,3246,6,Neutral,6,Neutral,4,Sad,0.4363,0.9404,-0.5042
public,v21_correct_v22_wrong,1632,3,Happy,3,Happy,4,Sad,0.8955,0.3967,0.4988
public,v21_correct_v22_wrong,2719,2,Fear,2,Fear,4,Sad,0.3899,0.8770,-0.4871
public,v21_correct_v22_wrong,3315,0,Angry,0,Angry,2,Fear,0.3977,0.8848,-0.4871
public,v21_correct_v22_wrong,1586,6,Neutral,6,Neutral,0,Angry,0.8403,0.3655,0.4749
public,v21_correct_v22_wrong,2009,6,Neutral,6,Neutral,0,Angry,0.9087,0.4431,0.4656
public,v21_correct_v22_wrong,391,6,Neutral,6,Neutral,0,Angry,0.9526,0.4932,0.4595
public,v21_correct_v22_wrong,2134,6,Neutral,6,Neutral,4,Sad,0.9575,0.5024,0.4551
public,v21_correct_v22_wrong,2731,3,Happy,3,Happy,6,Neutral,0.9438,0.4893,0.4546
public,v21_correct_v22_wrong,1569,6,Neutral,6,Neutral,5,Surprise,0.8613,0.4146,0.4468
public,v21_correct_v22_wrong,2986,6,Neutral,6,Neutral,1,Disgust,0.8115,0.3650,0.4465
public,v21_correct_v22_wrong,2137,4,Sad,4,Sad,1,Disgust,0.9131,0.4675,0.4456
public,v21_correct_v22_wrong,2956,4,Sad,4,Sad,3,Happy,0.5225,0.9585,-0.4360
public,v21_correct_v22_wrong,570,0,Angry,0,Angry,6,Neutral,0.8315,0.3984,0.4331
public,v21_correct_v22_wrong,1204,6,Neutral,6,Neutral,4,Sad,0.8745,0.4456,0.4290
public,v21_correct_v22_wrong,1191,4,Sad,4,Sad,3,Happy,0.5039,0.9312,-0.4272
public,v21_correct_v22_wrong,418,5,Surprise,5,Surprise,2,Fear,0.9536,0.5303,0.4233
public,v21_correct_v22_wrong,1051,6,Neutral,6,Neutral,3,Happy,0.8340,0.4133,0.4207
public,v21_correct_v22_wrong,2245,6,Neutral,6,Neutral,3,Happy,0.4783,0.8872,-0.4089
public,v21_correct_v22_wrong,1502,4,Sad,4,Sad,5,Surprise,0.8110,0.4045,0.4065
public,v21_correct_v22_wrong,2278,6,Neutral,6,Neutral,4,Sad,0.8936,0.4873,0.4062
public,v21_correct_v22_wrong,977,6,Neutral,6,Neutral,0,Angry,0.3682,0.7720,-0.4038
public,v21_correct_v22_wrong,2616,4,Sad,4,Sad,2,Fear,0.5435,0.9468,-0.4033
public,v21_correct_v22_wrong,2681,4,Sad,4,Sad,6,Neutral,0.5034,0.9014,-0.3979
public,v21_correct_v22_wrong,287,0,Angry,0,Angry,6,Neutral,0.8364,0.4392,0.3972
public,v21_correct_v22_wrong,3114,6,Neutral,6,Neutral,4,Sad,0.4465,0.8438,-0.3972
public,v21_correct_v22_wrong,2721,0,Angry,0,Angry,2,Fear,0.5342,0.9277,-0.3936
public,v21_correct_v22_wrong,677,4,Sad,4,Sad,0,Angry,0.8418,0.4512,0.3906
public,v21_correct_v22_wrong,1233,4,Sad,4,Sad,6,Neutral,0.9082,0.5186,0.3896
public,v21_correct_v22_wrong,867,4,Sad,4,Sad,0,Angry,0.4282,0.8174,-0.3892
public,v21_correct_v22_wrong,1071,4,Sad,4,Sad,0,Angry,0.7959,0.4138,0.3821
public,v21_correct_v22_wrong,1548,6,Neutral,6,Neutral,4,Sad,0.4475,0.8286,-0.3811
public,v21_correct_v22_wrong,2535,6,Neutral,6,Neutral,4,Sad,0.5522,0.9204,-0.3682
public,v21_correct_v22_wrong,753,2,Fear,2,Fear,4,Sad,0.7256,0.3591,0.3665
public,v21_correct_v22_wrong,70,0,Angry,0,Angry,6,Neutral,0.7324,0.3806,0.3518
public,v21_correct_v22_wrong,1245,5,Surprise,5,Surprise,3,Happy,0.9434,0.6021,0.3413
public,v22_correct_v21_wrong,2629,0,Angry,1,Disgust,0,Angry,0.3286,0.9199,0.5913
public,v22_correct_v21_wrong,1598,3,Happy,0,Angry,3,Happy,0.3503,0.9185,0.5681
public,v22_correct_v21_wrong,2101,4,Sad,0,Angry,4,Sad,0.3999,0.9575,0.5576
public,v22_correct_v21_wrong,2503,6,Neutral,4,Sad,6,Neutral,0.3762,0.9199,0.5437
public,v22_correct_v21_wrong,2505,3,Happy,6,Neutral,3,Happy,0.3145,0.8442,0.5298
public,v22_correct_v21_wrong,3249,3,Happy,4,Sad,3,Happy,0.8892,0.3616,-0.5276
public,v22_correct_v21_wrong,2917,4,Sad,2,Fear,4,Sad,0.4067,0.9326,0.5259
public,v22_correct_v21_wrong,1893,4,Sad,1,Disgust,4,Sad,0.3909,0.8906,0.4998
public,v22_correct_v21_wrong,1854,0,Angry,6,Neutral,0,Angry,0.4043,0.8999,0.4956
public,v22_correct_v21_wrong,984,4,Sad,2,Fear,4,Sad,0.4563,0.9453,0.4890
public,v22_correct_v21_wrong,2979,6,Neutral,2,Fear,6,Neutral,0.8628,0.3782,-0.4846
public,v22_correct_v21_wrong,440,0,Angry,4,Sad,0,Angry,0.4307,0.8989,0.4683
public,v22_correct_v21_wrong,2082,4,Sad,2,Fear,4,Sad,0.4973,0.9609,0.4636
public,v22_correct_v21_wrong,2322,0,Angry,4,Sad,0,Angry,0.4934,0.9526,0.4592
public,v22_correct_v21_wrong,2700,4,Sad,0,Angry,4,Sad,0.4861,0.9409,0.4548
public,v22_correct_v21_wrong,3486,4,Sad,6,Neutral,4,Sad,0.3215,0.7729,0.4514
public,v22_correct_v21_wrong,3582,3,Happy,4,Sad,3,Happy,0.5073,0.9570,0.4497
public,v22_correct_v21_wrong,2471,6,Neutral,0,Angry,6,Neutral,0.4365,0.8857,0.4492
public,v22_correct_v21_wrong,1928,3,Happy,0,Angry,3,Happy,0.5054,0.9531,0.4478
public,v22_correct_v21_wrong,2926,0,Angry,6,Neutral,0,Angry,0.7651,0.3250,-0.4402
public,v22_correct_v21_wrong,710,0,Angry,1,Disgust,0,Angry,0.8149,0.3792,-0.4358
public,v22_correct_v21_wrong,3472,0,Angry,6,Neutral,0,Angry,0.4636,0.8911,0.4275
public,v22_correct_v21_wrong,1143,4,Sad,2,Fear,4,Sad,0.7729,0.3459,-0.4270
public,v22_correct_v21_wrong,3286,4,Sad,2,Fear,4,Sad,0.5166,0.9365,0.4199
public,v22_correct_v21_wrong,3564,3,Happy,6,Neutral,3,Happy,0.8643,0.4451,-0.4192
public,v22_correct_v21_wrong,3240,6,Neutral,4,Sad,6,Neutral,0.4534,0.8672,0.4138
public,v22_correct_v21_wrong,1205,4,Sad,2,Fear,4,Sad,0.8848,0.4739,-0.4109
public,v22_correct_v21_wrong,1425,4,Sad,2,Fear,4,Sad,0.5205,0.9312,0.4106
public,v22_correct_v21_wrong,816,6,Neutral,4,Sad,6,Neutral,0.3391,0.7485,0.4094
public,v22_correct_v21_wrong,3145,6,Neutral,3,Happy,6,Neutral,0.9097,0.5020,-0.4077
public,v22_correct_v21_wrong,346,6,Neutral,3,Happy,6,Neutral,0.9160,0.5103,-0.4058
public,v22_correct_v21_wrong,3484,4,Sad,2,Fear,4,Sad,0.4680,0.8701,0.4021
public,v22_correct_v21_wrong,2215,5,Surprise,2,Fear,5,Surprise,0.3838,0.7803,0.3965
public,v22_correct_v21_wrong,1542,4,Sad,0,Angry,4,Sad,0.5078,0.9009,0.3931
public,v22_correct_v21_wrong,2853,2,Fear,1,Disgust,2,Fear,0.5835,0.9683,0.3848
public,v22_correct_v21_wrong,1582,3,Happy,6,Neutral,3,Happy,0.5039,0.8857,0.3818
public,v22_correct_v21_wrong,2562,0,Angry,3,Happy,0,Angry,0.5195,0.9014,0.3818
public,v22_correct_v21_wrong,355,4,Sad,0,Angry,4,Sad,0.4658,0.8467,0.3809
public,v22_correct_v21_wrong,1627,5,Surprise,2,Fear,5,Surprise,0.6440,0.2646,-0.3794
public,v22_correct_v21_wrong,3172,4,Sad,0,Angry,4,Sad,0.7974,0.4182,-0.3792
public,v22_correct_v21_wrong,445,2,Fear,4,Sad,2,Fear,0.8604,0.4829,-0.3774
public,v22_correct_v21_wrong,1825,6,Neutral,4,Sad,6,Neutral,0.5767,0.9521,0.3755
public,v22_correct_v21_wrong,3374,4,Sad,0,Angry,4,Sad,0.5806,0.9556,0.3750
public,v22_correct_v21_wrong,253,3,Happy,2,Fear,3,Happy,0.9355,0.5796,-0.3560
public,v22_correct_v21_wrong,484,6,Neutral,4,Sad,6,Neutral,0.7021,0.3521,-0.3501
public,v22_correct_v21_wrong,3255,3,Happy,4,Sad,3,Happy,0.2925,0.6392,0.3467
public,v22_correct_v21_wrong,2168,6,Neutral,4,Sad,6,Neutral,0.6387,0.3018,-0.3369
public,v22_correct_v21_wrong,1857,6,Neutral,3,Happy,6,Neutral,0.8311,0.4958,-0.3352
public,v22_correct_v21_wrong,513,5,Surprise,4,Sad,5,Surprise,0.6035,0.9385,0.3350
public,v22_correct_v21_wrong,678,4,Sad,6,Neutral,4,Sad,0.9126,0.5840,-0.3286
private,v21_correct_v22_wrong,2759,3,Happy,3,Happy,2,Fear,0.9526,0.3403,0.6123
private,v21_correct_v22_wrong,1730,0,Angry,0,Angry,4,Sad,0.9556,0.3445,0.6111
private,v21_correct_v22_wrong,3105,0,Angry,0,Angry,2,Fear,0.9575,0.3689,0.5886
private,v21_correct_v22_wrong,1677,4,Sad,4,Sad,6,Neutral,0.9062,0.3389,0.5674
private,v21_correct_v22_wrong,2454,6,Neutral,6,Neutral,4,Sad,0.3147,0.8403,-0.5256
private,v21_correct_v22_wrong,712,3,Happy,3,Happy,2,Fear,0.4248,0.9473,-0.5225
private,v21_correct_v22_wrong,267,4,Sad,4,Sad,6,Neutral,0.9043,0.3870,0.5173
private,v21_correct_v22_wrong,1231,0,Angry,0,Angry,3,Happy,0.9600,0.4446,0.5154
private,v21_correct_v22_wrong,595,4,Sad,4,Sad,3,Happy,0.3564,0.8525,-0.4961
private,v21_correct_v22_wrong,219,6,Neutral,6,Neutral,4,Sad,0.9370,0.4438,0.4932
private,v21_correct_v22_wrong,2857,4,Sad,4,Sad,2,Fear,0.8555,0.3691,0.4863
private,v21_correct_v22_wrong,1156,2,Fear,2,Fear,4,Sad,0.4568,0.9287,-0.4719
private,v21_correct_v22_wrong,2865,3,Happy,3,Happy,6,Neutral,0.4690,0.9390,-0.4700
private,v21_correct_v22_wrong,3527,4,Sad,4,Sad,0,Angry,0.9224,0.4575,0.4648
private,v21_correct_v22_wrong,910,6,Neutral,6,Neutral,5,Surprise,0.7314,0.2668,0.4646
private,v21_correct_v22_wrong,856,6,Neutral,6,Neutral,4,Sad,0.4854,0.9482,-0.4629
private,v21_correct_v22_wrong,552,4,Sad,4,Sad,2,Fear,0.4929,0.9556,-0.4626
private,v21_correct_v22_wrong,2190,6,Neutral,6,Neutral,4,Sad,0.3750,0.8374,-0.4624
private,v21_correct_v22_wrong,1531,0,Angry,0,Angry,2,Fear,0.8970,0.4348,0.4622
private,v21_correct_v22_wrong,83,6,Neutral,6,Neutral,4,Sad,0.4141,0.8677,-0.4536
private,v21_correct_v22_wrong,2689,5,Surprise,5,Surprise,2,Fear,0.5010,0.9531,-0.4521
private,v21_correct_v22_wrong,2963,0,Angry,0,Angry,3,Happy,0.3782,0.8257,-0.4475
private,v21_correct_v22_wrong,874,6,Neutral,6,Neutral,2,Fear,0.4951,0.9424,-0.4473
private,v21_correct_v22_wrong,3497,0,Angry,0,Angry,3,Happy,0.9658,0.5215,0.4443
private,v21_correct_v22_wrong,2849,0,Angry,0,Angry,6,Neutral,0.5181,0.9580,-0.4399
private,v21_correct_v22_wrong,1078,5,Surprise,5,Surprise,2,Fear,0.9502,0.5322,0.4180
private,v21_correct_v22_wrong,1402,3,Happy,3,Happy,6,Neutral,0.8569,0.4404,0.4165
private,v21_correct_v22_wrong,2799,2,Fear,2,Fear,4,Sad,0.5161,0.9316,-0.4155
private,v21_correct_v22_wrong,431,6,Neutral,6,Neutral,4,Sad,0.8013,0.3884,0.4128
private,v21_correct_v22_wrong,2098,2,Fear,2,Fear,0,Angry,0.8896,0.4780,0.4116
private,v21_correct_v22_wrong,1950,3,Happy,3,Happy,0,Angry,0.9502,0.5400,0.4102
private,v21_correct_v22_wrong,2130,6,Neutral,6,Neutral,0,Angry,0.9473,0.5376,0.4097
private,v21_correct_v22_wrong,813,2,Fear,2,Fear,6,Neutral,0.4717,0.8789,-0.4072
private,v21_correct_v22_wrong,445,3,Happy,3,Happy,0,Angry,0.6714,0.2666,0.4048
private,v21_correct_v22_wrong,154,6,Neutral,6,Neutral,0,Angry,0.4314,0.8340,-0.4026
private,v21_correct_v22_wrong,2719,6,Neutral,6,Neutral,4,Sad,0.4265,0.8291,-0.4026
private,v21_correct_v22_wrong,240,2,Fear,2,Fear,5,Surprise,0.8682,0.4800,0.3882
private,v21_correct_v22_wrong,2243,4,Sad,4,Sad,2,Fear,0.8066,0.4233,0.3833
private,v21_correct_v22_wrong,638,3,Happy,3,Happy,6,Neutral,0.7642,0.3831,0.3811
private,v21_correct_v22_wrong,1830,3,Happy,3,Happy,6,Neutral,0.8657,0.4866,0.3792
private,v21_correct_v22_wrong,2636,3,Happy,3,Happy,6,Neutral,0.8975,0.5186,0.3789
private,v21_correct_v22_wrong,781,5,Surprise,5,Surprise,2,Fear,0.8501,0.4717,0.3784
private,v21_correct_v22_wrong,1630,4,Sad,4,Sad,2,Fear,0.7368,0.3589,0.3779
private,v21_correct_v22_wrong,1563,5,Surprise,5,Surprise,2,Fear,0.5757,0.9517,-0.3760
private,v21_correct_v22_wrong,3221,3,Happy,3,Happy,6,Neutral,0.9370,0.5620,0.3750
private,v21_correct_v22_wrong,3586,0,Angry,0,Angry,3,Happy,0.3789,0.7505,-0.3716
private,v21_correct_v22_wrong,2172,0,Angry,0,Angry,6,Neutral,0.7900,0.4187,0.3713
private,v21_correct_v22_wrong,1771,0,Angry,0,Angry,2,Fear,0.7500,0.3801,0.3699
private,v21_correct_v22_wrong,668,4,Sad,4,Sad,6,Neutral,0.9062,0.5396,0.3667
private,v21_correct_v22_wrong,2533,6,Neutral,6,Neutral,2,Fear,0.8276,0.4668,0.3608
private,v22_correct_v21_wrong,233,1,Disgust,2,Fear,1,Disgust,0.3440,0.9546,0.6106
private,v22_correct_v21_wrong,3234,6,Neutral,4,Sad,6,Neutral,0.3262,0.9326,0.6064
private,v22_correct_v21_wrong,2342,2,Fear,5,Surprise,2,Fear,0.3352,0.9331,0.5979
private,v22_correct_v21_wrong,2601,4,Sad,6,Neutral,4,Sad,0.3645,0.9595,0.5950
private,v22_correct_v21_wrong,1421,0,Angry,6,Neutral,0,Angry,0.3489,0.9292,0.5803
private,v22_correct_v21_wrong,621,3,Happy,4,Sad,3,Happy,0.3142,0.8936,0.5793
private,v22_correct_v21_wrong,2516,4,Sad,6,Neutral,4,Sad,0.4102,0.9575,0.5474
private,v22_correct_v21_wrong,1152,0,Angry,2,Fear,0,Angry,0.3098,0.8257,0.5159
private,v22_correct_v21_wrong,3301,4,Sad,6,Neutral,4,Sad,0.4453,0.9565,0.5112
private,v22_correct_v21_wrong,959,5,Surprise,4,Sad,5,Surprise,0.4285,0.9385,0.5100
private,v22_correct_v21_wrong,368,6,Neutral,2,Fear,6,Neutral,0.4050,0.9131,0.5081
private,v22_correct_v21_wrong,2333,3,Happy,0,Angry,3,Happy,0.4211,0.9180,0.4968
private,v22_correct_v21_wrong,3141,0,Angry,2,Fear,0,Angry,0.4387,0.9297,0.4910
private,v22_correct_v21_wrong,1184,6,Neutral,0,Angry,6,Neutral,0.4702,0.9604,0.4902
private,v22_correct_v21_wrong,3151,4,Sad,0,Angry,4,Sad,0.4407,0.9277,0.4871
private,v22_correct_v21_wrong,1721,3,Happy,4,Sad,3,Happy,0.4304,0.9126,0.4822
private,v22_correct_v21_wrong,3588,2,Fear,4,Sad,2,Fear,0.4573,0.9380,0.4807
private,v22_correct_v21_wrong,1446,4,Sad,6,Neutral,4,Sad,0.4331,0.9126,0.4795
private,v22_correct_v21_wrong,2983,2,Fear,0,Angry,2,Fear,0.4658,0.9360,0.4702
private,v22_correct_v21_wrong,2339,3,Happy,6,Neutral,3,Happy,0.4294,0.8979,0.4685
private,v22_correct_v21_wrong,3002,0,Angry,4,Sad,0,Angry,0.8994,0.4326,-0.4668
private,v22_correct_v21_wrong,3217,4,Sad,6,Neutral,4,Sad,0.3809,0.8447,0.4639
private,v22_correct_v21_wrong,343,3,Happy,4,Sad,3,Happy,0.7900,0.3264,-0.4636
private,v22_correct_v21_wrong,752,6,Neutral,3,Happy,6,Neutral,0.6807,0.2177,-0.4630
private,v22_correct_v21_wrong,3087,0,Angry,2,Fear,0,Angry,0.4980,0.9600,0.4619
private,v22_correct_v21_wrong,2521,3,Happy,0,Angry,3,Happy,0.4927,0.9438,0.4512
private,v22_correct_v21_wrong,2806,6,Neutral,4,Sad,6,Neutral,0.4814,0.9258,0.4443
private,v22_correct_v21_wrong,2863,0,Angry,6,Neutral,0,Angry,0.4368,0.8735,0.4368
private,v22_correct_v21_wrong,2831,6,Neutral,4,Sad,6,Neutral,0.3892,0.8218,0.4326
private,v22_correct_v21_wrong,216,6,Neutral,0,Angry,6,Neutral,0.4531,0.8809,0.4277
private,v22_correct_v21_wrong,263,6,Neutral,2,Fear,6,Neutral,0.3638,0.7871,0.4233
private,v22_correct_v21_wrong,2497,0,Angry,6,Neutral,0,Angry,0.3513,0.7729,0.4216
private,v22_correct_v21_wrong,54,0,Angry,6,Neutral,0,Angry,0.5425,0.9575,0.4150
private,v22_correct_v21_wrong,1356,0,Angry,1,Disgust,0,Angry,0.5269,0.9419,0.4150
private,v22_correct_v21_wrong,833,0,Angry,2,Fear,0,Angry,0.9204,0.5059,-0.4146
private,v22_correct_v21_wrong,2078,2,Fear,6,Neutral,2,Fear,0.8325,0.4202,-0.4124
private,v22_correct_v21_wrong,3466,6,Neutral,2,Fear,6,Neutral,0.4517,0.8516,0.3999
private,v22_correct_v21_wrong,892,0,Angry,2,Fear,0,Angry,0.5488,0.9478,0.3989
private,v22_correct_v21_wrong,2424,5,Surprise,2,Fear,5,Surprise,0.3838,0.7803,0.3965
private,v22_correct_v21_wrong,2385,3,Happy,5,Surprise,3,Happy,0.5532,0.9473,0.3940
private,v22_correct_v21_wrong,1462,6,Neutral,4,Sad,6,Neutral,0.5659,0.9502,0.3843
private,v22_correct_v21_wrong,2016,4,Sad,2,Fear,4,Sad,0.8652,0.4812,-0.3840
private,v22_correct_v21_wrong,3443,6,Neutral,4,Sad,6,Neutral,0.5366,0.9185,0.3818
private,v22_correct_v21_wrong,1844,0,Angry,4,Sad,0,Angry,0.4836,0.8643,0.3806
private,v22_correct_v21_wrong,1012,6,Neutral,4,Sad,6,Neutral,0.5698,0.9453,0.3755
private,v22_correct_v21_wrong,2474,3,Happy,6,Neutral,3,Happy,0.5059,0.8799,0.3740
private,v22_correct_v21_wrong,880,6,Neutral,4,Sad,6,Neutral,0.9189,0.5474,-0.3716
private,v22_correct_v21_wrong,2095,5,Surprise,3,Happy,5,Surprise,0.9121,0.5415,-0.3706
private,v22_correct_v21_wrong,341,6,Neutral,2,Fear,6,Neutral,0.8740,0.5049,-0.3691
private,v22_correct_v21_wrong,1146,0,Angry,2,Fear,0,Angry,0.9375,0.5737,-0.3638
