split,row_index,true_label,true_class,v2_1_pred,v2_2_pred,shared_predicted_class,v2_1_confidence,v2_2_confidence,mean_confidence,v2_1_margin,v2_2_margin,v2_1_entropy,v2_2_entropy
public,2026,2,Fear,0,0,Angry,0.9644,0.9668,0.9656,0.9536,0.9604,0.2164,0.2056
public,441,4,Sad,0,0,Angry,0.9634,0.9663,0.9648,0.9526,0.9595,0.2192,0.2070
public,1996,4,Sad,6,6,Neutral,0.9692,0.9575,0.9634,0.9614,0.9443,0.1904,0.2479
public,606,2,Fear,0,0,Angry,0.9629,0.9624,0.9626,0.9521,0.9546,0.2220,0.2271
public,3351,4,Sad,0,0,Angry,0.9590,0.9648,0.9619,0.9482,0.9565,0.2412,0.2142
public,2481,4,Sad,2,2,Fear,0.9658,0.9575,0.9617,0.9575,0.9458,0.2102,0.2480
public,2930,2,Fear,5,5,Surprise,0.9604,0.9619,0.9612,0.9512,0.9541,0.2358,0.2296
public,2237,4,Sad,0,0,Angry,0.9629,0.9585,0.9607,0.9531,0.9497,0.2244,0.2461
public,2381,2,Fear,5,5,Surprise,0.9585,0.9614,0.9600,0.9497,0.9531,0.2467,0.2325
public,432,4,Sad,2,2,Fear,0.9561,0.9614,0.9587,0.9419,0.9536,0.2554,0.2316
public,1059,1,Disgust,4,4,Sad,0.9521,0.9653,0.9587,0.9404,0.9585,0.2764,0.2129
public,1774,6,Neutral,3,3,Happy,0.9565,0.9609,0.9587,0.9453,0.9526,0.2549,0.2349
public,913,4,Sad,0,0,Angry,0.9565,0.9604,0.9585,0.9468,0.9521,0.2551,0.2355
public,1493,5,Surprise,3,3,Happy,0.9561,0.9609,0.9585,0.9429,0.9502,0.2573,0.2324
public,2580,3,Happy,6,6,Neutral,0.9561,0.9595,0.9578,0.9424,0.9502,0.2544,0.2397
public,29,2,Fear,5,5,Surprise,0.9546,0.9600,0.9573,0.9434,0.9517,0.2654,0.2385
public,266,0,Angry,2,2,Fear,0.9575,0.9551,0.9563,0.9473,0.9370,0.2500,0.2556
public,2804,2,Fear,5,5,Surprise,0.9565,0.9551,0.9558,0.9443,0.9399,0.2546,0.2588
public,299,5,Surprise,3,3,Happy,0.9536,0.9575,0.9556,0.9370,0.9482,0.2656,0.2502
public,3555,4,Sad,0,0,Angry,0.9546,0.9556,0.9551,0.9419,0.9419,0.2634,0.2576
public,204,6,Neutral,3,3,Happy,0.9526,0.9565,0.9546,0.9414,0.9458,0.2739,0.2556
public,1175,5,Surprise,4,4,Sad,0.9512,0.9580,0.9546,0.9360,0.9492,0.2788,0.2487
public,228,4,Sad,0,0,Angry,0.9517,0.9565,0.9541,0.9346,0.9395,0.2727,0.2507
public,2910,4,Sad,6,6,Neutral,0.9497,0.9585,0.9541,0.9370,0.9492,0.2871,0.2458
public,848,5,Surprise,6,6,Neutral,0.9570,0.9507,0.9539,0.9453,0.9385,0.2498,0.2832
public,2969,2,Fear,5,5,Surprise,0.9536,0.9541,0.9539,0.9414,0.9429,0.2698,0.2661
public,381,5,Surprise,2,2,Fear,0.9595,0.9478,0.9536,0.9487,0.9351,0.2402,0.2976
public,1543,1,Disgust,0,0,Angry,0.9492,0.9575,0.9534,0.9346,0.9448,0.2837,0.2502
public,1922,0,Angry,4,4,Sad,0.9521,0.9546,0.9534,0.9375,0.9429,0.2739,0.2642
public,3024,4,Sad,0,0,Angry,0.9463,0.9600,0.9531,0.9253,0.9512,0.2949,0.2375
public,138,2,Fear,6,6,Neutral,0.9448,0.9604,0.9526,0.9307,0.9512,0.3076,0.2352
public,821,2,Fear,5,5,Surprise,0.9512,0.9521,0.9517,0.9414,0.9414,0.2815,0.2764
public,415,3,Happy,6,6,Neutral,0.9492,0.9536,0.9514,0.9380,0.9429,0.2893,0.2688
public,3160,6,Neutral,4,4,Sad,0.9424,0.9604,0.9514,0.9258,0.9487,0.3179,0.2344
public,551,2,Fear,4,4,Sad,0.9482,0.9526,0.9504,0.9326,0.9424,0.2930,0.2734
public,1835,0,Angry,4,4,Sad,0.9429,0.9580,0.9504,0.9185,0.9492,0.3086,0.2498
public,94,5,Surprise,0,0,Angry,0.9526,0.9478,0.9502,0.9385,0.9263,0.2734,0.2900
public,822,4,Sad,2,2,Fear,0.9453,0.9551,0.9502,0.9292,0.9395,0.3062,0.2576
public,2890,0,Angry,2,2,Fear,0.9438,0.9561,0.9500,0.9292,0.9463,0.3137,0.2585
public,215,2,Fear,5,5,Surprise,0.9473,0.9521,0.9497,0.9351,0.9419,0.2998,0.2773
public,1767,3,Happy,5,5,Surprise,0.9551,0.9438,0.9495,0.9390,0.9233,0.2588,0.3086
public,212,4,Sad,0,0,Angry,0.9395,0.9585,0.9490,0.9131,0.9497,0.3220,0.2455
public,1009,2,Fear,0,0,Angry,0.9458,0.9521,0.9490,0.9312,0.9390,0.3008,0.2742
public,1971,2,Fear,4,4,Sad,0.9546,0.9414,0.9480,0.9404,0.9106,0.2634,0.3086
public,2247,2,Fear,0,0,Angry,0.9478,0.9482,0.9480,0.9263,0.9341,0.2874,0.2922
public,405,4,Sad,6,6,Neutral,0.9351,0.9600,0.9475,0.9155,0.9502,0.3513,0.2382
public,810,3,Happy,5,5,Surprise,0.9346,0.9604,0.9475,0.9160,0.9521,0.3525,0.2361
public,960,0,Angry,2,2,Fear,0.9600,0.9351,0.9475,0.9492,0.9126,0.2379,0.3438
public,1504,0,Angry,2,2,Fear,0.9600,0.9351,0.9475,0.9492,0.9126,0.2379,0.3438
public,2912,3,Happy,6,6,Neutral,0.9492,0.9458,0.9475,0.9395,0.9302,0.2910,0.3042
public,1803,6,Neutral,3,3,Happy,0.9580,0.9365,0.9473,0.9482,0.9111,0.2485,0.3403
public,1662,6,Neutral,4,4,Sad,0.9443,0.9492,0.9468,0.9258,0.9346,0.3076,0.2874
public,2224,0,Angry,4,4,Sad,0.9487,0.9448,0.9468,0.9316,0.9238,0.2893,0.3057
public,2913,0,Angry,3,3,Happy,0.9561,0.9370,0.9465,0.9463,0.9194,0.2578,0.3423
public,1017,2,Fear,0,0,Angry,0.9512,0.9414,0.9463,0.9287,0.9170,0.2705,0.3176
public,3034,2,Fear,6,6,Neutral,0.9385,0.9541,0.9463,0.9160,0.9424,0.3333,0.2659
public,3019,4,Sad,0,0,Angry,0.9575,0.9336,0.9456,0.9458,0.9141,0.2473,0.3506
public,2797,4,Sad,6,6,Neutral,0.9424,0.9482,0.9453,0.9277,0.9370,0.3203,0.2959
public,1206,6,Neutral,3,3,Happy,0.9399,0.9497,0.9448,0.9185,0.9375,0.3289,0.2881
public,1821,6,Neutral,4,4,Sad,0.9341,0.9556,0.9448,0.9067,0.9429,0.3479,0.2595
public,2325,5,Surprise,3,3,Happy,0.9282,0.9609,0.9446,0.8975,0.9521,0.3718,0.2345
public,3356,4,Sad,0,0,Angry,0.9292,0.9600,0.9446,0.9009,0.9521,0.3691,0.2395
public,88,3,Happy,5,5,Surprise,0.9551,0.9336,0.9443,0.9390,0.8994,0.2595,0.3420
public,1066,6,Neutral,3,3,Happy,0.9482,0.9404,0.9443,0.9346,0.9194,0.2939,0.3271
public,542,4,Sad,6,6,Neutral,0.9351,0.9526,0.9438,0.9185,0.9429,0.3525,0.2747
public,1450,6,Neutral,4,4,Sad,0.9243,0.9634,0.9438,0.8979,0.9546,0.3923,0.2224
public,2255,5,Surprise,0,0,Angry,0.9316,0.9561,0.9438,0.9004,0.9458,0.3560,0.2573
public,2328,5,Surprise,2,2,Fear,0.9453,0.9424,0.9438,0.9248,0.9248,0.3025,0.3198
public,779,2,Fear,5,5,Surprise,0.9448,0.9424,0.9436,0.9263,0.9282,0.3035,0.3191
public,1980,3,Happy,6,6,Neutral,0.9473,0.9399,0.9436,0.9316,0.9229,0.2974,0.3281
public,2840,0,Angry,3,3,Happy,0.9443,0.9429,0.9436,0.9248,0.9229,0.3091,0.3162
public,121,0,Angry,3,3,Happy,0.9580,0.9282,0.9431,0.9482,0.8955,0.2491,0.3701
public,403,4,Sad,3,3,Happy,0.9399,0.9463,0.9431,0.9150,0.9307,0.3230,0.3013
public,2570,0,Angry,2,2,Fear,0.9365,0.9497,0.9431,0.9048,0.9302,0.3308,0.2812
public,1615,2,Fear,3,3,Happy,0.9473,0.9380,0.9426,0.9346,0.9194,0.2993,0.3394
public,2110,6,Neutral,2,2,Fear,0.9355,0.9492,0.9424,0.9194,0.9326,0.3523,0.2876
public,1863,3,Happy,6,6,Neutral,0.9414,0.9424,0.9419,0.9272,0.9263,0.3242,0.3206
public,2738,0,Angry,1,1,Disgust,0.9644,0.9189,0.9417,0.9507,0.8926,0.2120,0.4194
public,82,1,Disgust,0,0,Angry,0.9189,0.9639,0.9414,0.8789,0.9570,0.4016,0.2198
public,1850,6,Neutral,3,3,Happy,0.9438,0.9390,0.9414,0.9238,0.9141,0.3101,0.3286
public,3111,6,Neutral,3,3,Happy,0.9258,0.9570,0.9414,0.8892,0.9448,0.3755,0.2515
public,169,3,Happy,6,6,Neutral,0.9370,0.9453,0.9412,0.9194,0.9331,0.3428,0.3074
public,1581,0,Angry,6,6,Neutral,0.9443,0.9375,0.9409,0.9316,0.9189,0.3115,0.3403
public,1778,4,Sad,0,0,Angry,0.9307,0.9512,0.9409,0.9121,0.9351,0.3687,0.2778
public,729,6,Neutral,3,3,Happy,0.9487,0.9326,0.9407,0.9292,0.8989,0.2871,0.3481
public,1564,0,Angry,4,4,Sad,0.9204,0.9600,0.9402,0.8740,0.9521,0.3860,0.2397
public,968,5,Surprise,3,3,Happy,0.9316,0.9482,0.9399,0.8960,0.9316,0.3491,0.2908
public,871,4,Sad,3,3,Happy,0.9385,0.9409,0.9397,0.9175,0.9224,0.3352,0.3264
public,618,2,Fear,4,4,Sad,0.9307,0.9482,0.9395,0.9028,0.9302,0.3613,0.2886
public,1356,6,Neutral,3,3,Happy,0.9307,0.9478,0.9392,0.8940,0.9277,0.3521,0.2915
public,2564,2,Fear,5,5,Surprise,0.9512,0.9263,0.9387,0.9404,0.8950,0.2822,0.3806
public,499,2,Fear,5,5,Surprise,0.9438,0.9331,0.9385,0.9302,0.9067,0.3157,0.3540
public,1537,0,Angry,6,6,Neutral,0.9370,0.9399,0.9385,0.9229,0.9214,0.3467,0.3286
public,811,0,Angry,2,2,Fear,0.9346,0.9404,0.9375,0.9053,0.9165,0.3440,0.3215
public,2763,0,Angry,3,3,Happy,0.9214,0.9536,0.9375,0.8872,0.9443,0.3992,0.2693
public,1912,2,Fear,4,4,Sad,0.9370,0.9360,0.9365,0.9082,0.9146,0.3296,0.3376
public,2235,0,Angry,3,3,Happy,0.9155,0.9575,0.9365,0.8843,0.9468,0.4229,0.2500
public,3058,6,Neutral,4,4,Sad,0.9370,0.9355,0.9363,0.9131,0.9165,0.3372,0.3496
public,803,1,Disgust,4,4,Sad,0.9355,0.9355,0.9355,0.9087,0.9150,0.3364,0.3477
public,2893,6,Neutral,3,3,Happy,0.9502,0.9209,0.9355,0.9385,0.9009,0.2854,0.4148
public,2124,4,Sad,6,6,Neutral,0.9336,0.9365,0.9351,0.9087,0.9185,0.3538,0.3457
public,2374,0,Angry,4,4,Sad,0.9263,0.9438,0.9351,0.9009,0.9243,0.3821,0.3105
public,3362,6,Neutral,0,0,Angry,0.9580,0.9121,0.9351,0.9487,0.8677,0.2468,0.4272
public,3088,2,Fear,0,0,Angry,0.9502,0.9194,0.9348,0.9331,0.8940,0.2788,0.4114
public,1306,0,Angry,3,3,Happy,0.9189,0.9492,0.9341,0.8789,0.9316,0.4016,0.2871
public,2881,0,Angry,5,5,Surprise,0.9365,0.9316,0.9341,0.9092,0.9150,0.3369,0.3674
public,3251,6,Neutral,3,3,Happy,0.9292,0.9375,0.9333,0.8979,0.9131,0.3669,0.3364
public,3260,0,Angry,5,5,Surprise,0.9404,0.9253,0.9329,0.9248,0.9004,0.3281,0.3892
public,482,3,Happy,6,6,Neutral,0.9194,0.9438,0.9316,0.8931,0.9312,0.4165,0.3145
public,2183,4,Sad,6,6,Neutral,0.9180,0.9448,0.9314,0.8921,0.9297,0.4172,0.3091
public,3223,0,Angry,4,4,Sad,0.9487,0.9141,0.9314,0.9326,0.8682,0.2881,0.4133
public,2822,3,Happy,0,0,Angry,0.9292,0.9321,0.9307,0.9131,0.9072,0.3794,0.3589
public,1377,2,Fear,6,6,Neutral,0.9282,0.9326,0.9304,0.9009,0.9121,0.3748,0.3594
public,2031,4,Sad,5,5,Surprise,0.9028,0.9575,0.9302,0.8477,0.9463,0.4531,0.2512
public,950,2,Fear,5,5,Surprise,0.9248,0.9351,0.9299,0.8838,0.9072,0.3733,0.3433
public,1682,3,Happy,6,6,Neutral,0.8979,0.9619,0.9299,0.8354,0.9536,0.4604,0.2290
public,1029,2,Fear,6,6,Neutral,0.9121,0.9473,0.9297,0.8867,0.9336,0.4373,0.2986
public,2274,2,Fear,6,6,Neutral,0.9448,0.9131,0.9290,0.9302,0.8896,0.3096,0.4412
public,491,2,Fear,4,4,Sad,0.8994,0.9570,0.9282,0.8613,0.9468,0.4761,0.2522
public,1317,0,Angry,6,6,Neutral,0.9077,0.9487,0.9282,0.8750,0.9351,0.4521,0.2898
public,56,4,Sad,2,2,Fear,0.9321,0.9238,0.9280,0.8970,0.8882,0.3462,0.3850
public,2643,6,Neutral,4,4,Sad,0.9297,0.9253,0.9275,0.9058,0.8965,0.3687,0.3826
public,903,3,Happy,6,6,Neutral,0.9302,0.9233,0.9268,0.9102,0.9014,0.3733,0.4021
public,1689,0,Angry,4,4,Sad,0.9341,0.9189,0.9265,0.9116,0.8813,0.3481,0.4021
public,1712,4,Sad,6,6,Neutral,0.9082,0.9443,0.9263,0.8735,0.9302,0.4551,0.3127
public,3200,6,Neutral,4,4,Sad,0.9443,0.9072,0.9258,0.9268,0.8750,0.3086,0.4604
public,426,4,Sad,2,2,Fear,0.9590,0.8921,0.9255,0.9463,0.8486,0.2412,0.5083
public,300,6,Neutral,3,3,Happy,0.9263,0.9243,0.9253,0.8960,0.8999,0.3811,0.3872
public,1871,3,Happy,2,2,Fear,0.9146,0.9355,0.9250,0.8755,0.9155,0.4199,0.3467
public,628,3,Happy,6,6,Neutral,0.9502,0.8994,0.9248,0.9375,0.8604,0.2852,0.4780
public,2574,4,Sad,0,0,Angry,0.8950,0.9546,0.9248,0.8564,0.9438,0.5024,0.2646
public,1436,2,Fear,4,4,Sad,0.9375,0.9116,0.9246,0.9214,0.8652,0.3394,0.4226
public,1202,2,Fear,4,4,Sad,0.9316,0.9136,0.9226,0.8931,0.8608,0.3447,0.4055
public,1185,3,Happy,5,5,Surprise,0.9028,0.9404,0.9216,0.8354,0.9087,0.4270,0.3101
public,2627,4,Sad,3,3,Happy,0.9482,0.8945,0.9214,0.9331,0.8379,0.2937,0.4875
public,2416,0,Angry,2,2,Fear,0.8960,0.9458,0.9209,0.8438,0.9219,0.4800,0.2947
public,3384,2,Fear,4,4,Sad,0.9292,0.9126,0.9209,0.9009,0.8706,0.3589,0.4202
public,1405,3,Happy,0,0,Angry,0.9082,0.9326,0.9204,0.8789,0.9082,0.4580,0.3586
public,3509,2,Fear,0,0,Angry,0.8926,0.9482,0.9204,0.8213,0.9312,0.4653,0.2915
public,1661,6,Neutral,3,3,Happy,0.9375,0.9009,0.9192,0.9131,0.8433,0.3362,0.4578
public,281,3,Happy,5,5,Surprise,0.9229,0.9150,0.9189,0.8838,0.8711,0.3872,0.4138
public,3444,0,Angry,2,2,Fear,0.9111,0.9258,0.9185,0.8560,0.8945,0.4119,0.3811
public,1008,3,Happy,5,5,Surprise,0.8921,0.9438,0.9180,0.8511,0.9204,0.5083,0.3071
public,3365,2,Fear,0,0,Angry,0.9326,0.9023,0.9175,0.8965,0.8516,0.3413,0.4590
public,3273,2,Fear,0,0,Angry,0.9141,0.9199,0.9170,0.8857,0.8921,0.4336,0.4106
public,42,4,Sad,0,0,Angry,0.8755,0.9580,0.9167,0.8159,0.9492,0.5586,0.2484
public,1471,3,Happy,6,6,Neutral,0.8931,0.9390,0.9160,0.8579,0.9238,0.5142,0.3357
public,2097,2,Fear,3,3,Happy,0.8774,0.9536,0.9155,0.8076,0.9424,0.5391,0.2700
public,2181,0,Angry,2,2,Fear,0.8960,0.9346,0.9153,0.8281,0.9062,0.4573,0.3418
public,881,6,Neutral,0,0,Angry,0.9302,0.8994,0.9148,0.9072,0.8608,0.3669,0.4917
public,2425,3,Happy,5,5,Surprise,0.9209,0.9072,0.9141,0.8696,0.8599,0.3733,0.4417
public,1130,2,Fear,0,0,Angry,0.8730,0.9536,0.9133,0.8345,0.9434,0.5942,0.2690
public,166,3,Happy,6,6,Neutral,0.9229,0.9028,0.9128,0.9004,0.8745,0.3994,0.4783
public,476,3,Happy,6,6,Neutral,0.9043,0.9209,0.9126,0.8804,0.8784,0.4783,0.3877
public,206,0,Angry,4,4,Sad,0.9043,0.9185,0.9114,0.8643,0.8853,0.4624,0.4128
public,1423,0,Angry,6,6,Neutral,0.9043,0.9185,0.9114,0.8618,0.8916,0.4639,0.4187
public,163,0,Angry,3,3,Happy,0.9028,0.9116,0.9072,0.8506,0.8726,0.4556,0.4370
public,1311,6,Neutral,4,4,Sad,0.9082,0.9058,0.9070,0.8608,0.8462,0.4407,0.4290
public,2272,3,Happy,4,4,Sad,0.9009,0.9126,0.9067,0.8550,0.8608,0.4685,0.4121
public,3341,2,Fear,6,6,Neutral,0.8745,0.9365,0.9055,0.8228,0.9170,0.5747,0.3457
public,1255,4,Sad,6,6,Neutral,0.9277,0.8823,0.9050,0.9033,0.8242,0.3794,0.5332
public,3393,2,Fear,0,0,Angry,0.8530,0.9565,0.9048,0.7915,0.9468,0.6470,0.2542
public,1435,4,Sad,6,6,Neutral,0.8677,0.9409,0.9043,0.8164,0.9248,0.5942,0.3276
public,823,2,Fear,0,0,Angry,0.8604,0.9438,0.9021,0.7583,0.9238,0.5464,0.3081
public,1656,6,Neutral,0,0,Angry,0.9116,0.8911,0.9014,0.8657,0.8452,0.4243,0.5063
public,2786,2,Fear,6,6,Neutral,0.9282,0.8745,0.9014,0.9067,0.8345,0.3799,0.5703
public,559,6,Neutral,4,4,Sad,0.8740,0.9272,0.9006,0.8022,0.8921,0.5483,0.3708
public,73,6,Neutral,3,3,Happy,0.8779,0.9224,0.9001,0.8071,0.8818,0.5347,0.3865
public,1811,5,Surprise,2,2,Fear,0.8428,0.9507,0.8967,0.7930,0.9360,0.6865,0.2817
public,1396,3,Happy,6,6,Neutral,0.8872,0.9048,0.8960,0.8257,0.8726,0.5083,0.4692
public,3342,3,Happy,0,0,Angry,0.8350,0.9565,0.8958,0.7637,0.9463,0.6875,0.2556
public,311,3,Happy,0,0,Angry,0.8750,0.9155,0.8953,0.8193,0.8755,0.5630,0.4150
public,990,3,Happy,5,5,Surprise,0.8306,0.9590,0.8948,0.7222,0.9458,0.6499,0.2407
public,773,2,Fear,4,4,Sad,0.8472,0.9419,0.8945,0.7466,0.9204,0.6064,0.3079
public,1064,3,Happy,6,6,Neutral,0.9175,0.8716,0.8945,0.8813,0.8047,0.4131,0.5635
public,1164,4,Sad,0,0,Angry,0.8799,0.9087,0.8943,0.8252,0.8516,0.5396,0.4207
public,131,0,Angry,6,6,Neutral,0.8311,0.9561,0.8936,0.7686,0.9429,0.7104,0.2554
public,1747,0,Angry,2,2,Fear,0.8589,0.9282,0.8936,0.7822,0.8936,0.5859,0.3586
public,2131,2,Fear,4,4,Sad,0.8691,0.9155,0.8923,0.8169,0.8750,0.5752,0.4124
public,1796,4,Sad,6,6,Neutral,0.8921,0.8916,0.8918,0.8467,0.8535,0.5093,0.5063
public,2228,6,Neutral,0,0,Angry,0.9268,0.8525,0.8896,0.8984,0.7969,0.3796,0.6543
public,3096,6,Neutral,2,2,Fear,0.8945,0.8848,0.8896,0.8413,0.8486,0.4873,0.5537
public,1099,3,Happy,6,6,Neutral,0.9487,0.8301,0.8894,0.9346,0.7349,0.2910,0.6899
public,672,4,Sad,6,6,Neutral,0.8716,0.9058,0.8887,0.8354,0.8711,0.5933,0.4639
public,2445,0,Angry,6,6,Neutral,0.8691,0.9077,0.8884,0.8198,0.8740,0.5928,0.4578
public,2758,6,Neutral,4,4,Sad,0.8906,0.8862,0.8884,0.8311,0.8242,0.4885,0.5107
public,2921,2,Fear,6,6,Neutral,0.9160,0.8594,0.8877,0.8945,0.8169,0.4292,0.6328
public,1330,6,Neutral,5,5,Surprise,0.8481,0.9268,0.8875,0.7822,0.8838,0.6445,0.3584
public,3284,6,Neutral,3,3,Happy,0.9395,0.8340,0.8867,0.9160,0.7163,0.3279,0.6274
public,1720,6,Neutral,4,4,Sad,0.8369,0.9360,0.8865,0.7480,0.9116,0.6729,0.3418
public,2602,2,Fear,6,6,Neutral,0.8706,0.8994,0.8850,0.8174,0.8672,0.5815,0.4900
public,3297,4,Sad,6,6,Neutral,0.9297,0.8389,0.8843,0.9092,0.7876,0.3745,0.6934
public,2707,4,Sad,6,6,Neutral,0.9385,0.8286,0.8835,0.9248,0.7275,0.3394,0.6777
public,2522,0,Angry,2,2,Fear,0.8188,0.9438,0.8813,0.7490,0.9282,0.7432,0.3105
public,180,4,Sad,6,6,Neutral,0.8584,0.9019,0.8801,0.7837,0.8550,0.5977,0.4617
public,1673,0,Angry,3,3,Happy,0.9409,0.8130,0.8770,0.9243,0.7314,0.3271,0.7622
public,1226,2,Fear,4,4,Sad,0.8970,0.8560,0.8765,0.8330,0.7544,0.4543,0.5645
public,1404,1,Disgust,3,3,Happy,0.8589,0.8936,0.8762,0.7856,0.8481,0.6040,0.5049
public,1784,0,Angry,2,2,Fear,0.8252,0.9233,0.8743,0.7280,0.8892,0.6724,0.3921
public,1664,6,Neutral,4,4,Sad,0.8125,0.9351,0.8738,0.7056,0.9160,0.7280,0.3501
public,8,2,Fear,4,4,Sad,0.8848,0.8623,0.8735,0.8149,0.8105,0.5078,0.6230
public,201,6,Neutral,3,3,Happy,0.8589,0.8882,0.8735,0.7666,0.8223,0.5762,0.4988
public,1883,0,Angry,3,3,Happy,0.8535,0.8926,0.8730,0.7773,0.8457,0.6240,0.5078
public,2147,3,Happy,6,6,Neutral,0.9370,0.8066,0.8718,0.9214,0.6943,0.3420,0.7495
public,1417,2,Fear,0,0,Angry,0.8052,0.9380,0.8716,0.7061,0.9116,0.7773,0.3318
public,2459,4,Sad,0,0,Angry,0.9233,0.8198,0.8716,0.8999,0.7622,0.3940,0.7466
public,3415,4,Sad,0,0,Angry,0.9141,0.8262,0.8701,0.8696,0.7334,0.4146,0.6938
public,3153,2,Fear,6,6,Neutral,0.8062,0.9312,0.8687,0.7324,0.9048,0.7637,0.3628
public,3418,6,Neutral,4,4,Sad,0.8784,0.8579,0.8682,0.8145,0.8018,0.5376,0.6191
public,2712,2,Fear,4,4,Sad,0.8506,0.8794,0.8650,0.7876,0.8125,0.6367,0.5332
public,2931,5,Surprise,2,2,Fear,0.8701,0.8574,0.8638,0.7935,0.7798,0.5552,0.6108
public,1651,2,Fear,3,3,Happy,0.8657,0.8584,0.8621,0.7676,0.7979,0.5293,0.6035
public,2828,4,Sad,6,6,Neutral,0.9209,0.8003,0.8606,0.8774,0.6426,0.3860,0.6680
public,1146,0,Angry,1,1,Disgust,0.8452,0.8750,0.8601,0.7900,0.7939,0.6680,0.5244
public,1406,2,Fear,4,4,Sad,0.8867,0.8315,0.8591,0.8081,0.7090,0.4768,0.6211
public,195,6,Neutral,4,4,Sad,0.9048,0.8115,0.8582,0.8521,0.6729,0.4431,0.6709
public,448,2,Fear,0,0,Angry,0.8550,0.8584,0.8567,0.7666,0.7998,0.5947,0.6313
public,1861,2,Fear,4,4,Sad,0.8999,0.8135,0.8567,0.8477,0.6885,0.4578,0.6963
public,2153,5,Surprise,6,6,Neutral,0.8823,0.8291,0.8557,0.8296,0.7256,0.5425,0.6768
public,3192,4,Sad,6,6,Neutral,0.8667,0.8438,0.8552,0.8076,0.7891,0.5923,0.6724
public,698,2,Fear,0,0,Angry,0.8379,0.8716,0.8547,0.7485,0.7979,0.6641,0.5532
public,2440,4,Sad,6,6,Neutral,0.8564,0.8530,0.8547,0.7969,0.7861,0.6260,0.6265
public,1065,6,Neutral,0,0,Angry,0.8579,0.8511,0.8545,0.7808,0.7578,0.5996,0.6074
public,1046,4,Sad,3,3,Happy,0.8022,0.9043,0.8533,0.6899,0.8604,0.7666,0.4573
public,1985,0,Angry,6,6,Neutral,0.8496,0.8516,0.8506,0.7954,0.7632,0.6577,0.6064
public,3036,6,Neutral,3,3,Happy,0.8784,0.8228,0.8506,0.8008,0.7026,0.5195,0.6680
public,1440,6,Neutral,0,0,Angry,0.8286,0.8687,0.8486,0.7080,0.8130,0.6401,0.5747
public,1309,6,Neutral,4,4,Sad,0.8867,0.8096,0.8481,0.8247,0.6665,0.5083,0.6655
public,1112,3,Happy,2,2,Fear,0.8672,0.8257,0.8464,0.7935,0.7310,0.5732,0.7002
public,3232,4,Sad,2,2,Fear,0.8452,0.8467,0.8459,0.7305,0.7524,0.5801,0.6074
public,1196,3,Happy,2,2,Fear,0.8828,0.8057,0.8442,0.8291,0.7153,0.5186,0.7407
public,150,2,Fear,4,4,Sad,0.8584,0.8267,0.8425,0.8086,0.7866,0.6274,0.7578
public,2205,2,Fear,6,6,Neutral,0.8057,0.8765,0.8411,0.7402,0.8291,0.7964,0.5591
public,2486,0,Angry,4,4,Sad,0.8315,0.8447,0.8381,0.7617,0.7827,0.7153,0.6572
public,2634,0,Angry,4,4,Sad,0.8315,0.8447,0.8381,0.7617,0.7827,0.7153,0.6572
public,2543,6,Neutral,0,0,Angry,0.8535,0.8198,0.8367,0.7578,0.7378,0.5874,0.7031
public,234,3,Happy,4,4,Sad,0.8203,0.8418,0.8311,0.7295,0.7432,0.7188,0.6289
public,534,4,Sad,0,0,Angry,0.8550,0.8071,0.8311,0.7827,0.7314,0.6084,0.7729
public,2717,2,Fear,4,4,Sad,0.8169,0.8418,0.8293,0.7300,0.7598,0.7324,0.6401
public,191,6,Neutral,3,3,Happy,0.8071,0.8481,0.8276,0.7285,0.7534,0.7676,0.6172
public,3320,4,Sad,0,0,Angry,0.8306,0.8208,0.8257,0.7559,0.7603,0.6948,0.7402
public,2260,4,Sad,3,3,Happy,0.8169,0.8232,0.8201,0.7300,0.6924,0.7490,0.6396
public,2963,2,Fear,4,4,Sad,0.8135,0.8267,0.8201,0.6855,0.7109,0.6841,0.6602
public,2968,6,Neutral,4,4,Sad,0.8140,0.8022,0.8081,0.7520,0.7476,0.7710,0.8223
private,911,1,Disgust,0,0,Angry,0.9648,0.9609,0.9629,0.9551,0.9497,0.2131,0.2324
private,1005,2,Fear,0,0,Angry,0.9619,0.9609,0.9614,0.9502,0.9526,0.2263,0.2338
private,1724,1,Disgust,0,0,Angry,0.9614,0.9590,0.9602,0.9517,0.9487,0.2301,0.2439
private,2965,4,Sad,2,2,Fear,0.9600,0.9585,0.9592,0.9492,0.9492,0.2371,0.2462
private,591,2,Fear,0,0,Angry,0.9541,0.9629,0.9585,0.9395,0.9561,0.2632,0.2251
private,1028,3,Happy,5,5,Surprise,0.9609,0.9541,0.9575,0.9502,0.9443,0.2329,0.2666
private,3454,0,Angry,2,2,Fear,0.9609,0.9541,0.9575,0.9517,0.9429,0.2334,0.2673
private,506,2,Fear,5,5,Surprise,0.9570,0.9575,0.9573,0.9458,0.9492,0.2532,0.2517
private,2977,3,Happy,4,4,Sad,0.9561,0.9585,0.9573,0.9424,0.9463,0.2559,0.2423
private,207,2,Fear,5,5,Surprise,0.9570,0.9565,0.9568,0.9487,0.9482,0.2549,0.2563
private,894,2,Fear,5,5,Surprise,0.9580,0.9556,0.9568,0.9492,0.9458,0.2495,0.2605
private,2747,4,Sad,0,0,Angry,0.9521,0.9609,0.9565,0.9385,0.9517,0.2744,0.2350
private,1484,6,Neutral,4,4,Sad,0.9551,0.9575,0.9563,0.9429,0.9482,0.2610,0.2507
private,1269,2,Fear,5,5,Surprise,0.9531,0.9580,0.9556,0.9414,0.9497,0.2715,0.2502
private,1338,4,Sad,3,3,Happy,0.9492,0.9619,0.9556,0.9307,0.9536,0.2844,0.2290
private,1363,1,Disgust,0,0,Angry,0.9629,0.9478,0.9553,0.9551,0.9365,0.2251,0.2974
private,3475,2,Fear,0,0,Angry,0.9507,0.9600,0.9553,0.9341,0.9526,0.2786,0.2396
private,1692,5,Surprise,2,2,Fear,0.9517,0.9585,0.9551,0.9346,0.9492,0.2754,0.2456
private,1241,2,Fear,0,0,Angry,0.9561,0.9536,0.9548,0.9380,0.9409,0.2507,0.2693
private,1601,0,Angry,4,4,Sad,0.9551,0.9546,0.9548,0.9429,0.9434,0.2625,0.2629
private,3439,4,Sad,3,3,Happy,0.9590,0.9502,0.9546,0.9512,0.9341,0.2450,0.2820
private,1091,2,Fear,5,5,Surprise,0.9521,0.9565,0.9543,0.9409,0.9473,0.2769,0.2563
private,3365,0,Angry,4,4,Sad,0.9526,0.9561,0.9543,0.9385,0.9453,0.2705,0.2573
private,554,3,Happy,4,4,Sad,0.9482,0.9600,0.9541,0.9307,0.9468,0.2886,0.2360
private,1149,0,Angry,4,4,Sad,0.9526,0.9536,0.9531,0.9404,0.9409,0.2734,0.2673
private,2437,4,Sad,2,2,Fear,0.9424,0.9639,0.9531,0.9136,0.9526,0.3037,0.2166
private,1934,2,Fear,5,5,Surprise,0.9551,0.9507,0.9529,0.9443,0.9385,0.2617,0.2830
private,1941,6,Neutral,5,5,Surprise,0.9438,0.9604,0.9521,0.9282,0.9512,0.3125,0.2362
private,3022,4,Sad,3,3,Happy,0.9556,0.9482,0.9519,0.9438,0.9297,0.2598,0.2910
private,1474,0,Angry,2,2,Fear,0.9463,0.9565,0.9514,0.9233,0.9419,0.2957,0.2524
private,1374,2,Fear,0,0,Angry,0.9365,0.9653,0.9509,0.9170,0.9561,0.3447,0.2101
private,362,5,Surprise,3,3,Happy,0.9468,0.9546,0.9507,0.9326,0.9434,0.3008,0.2659
private,1189,6,Neutral,3,3,Happy,0.9517,0.9497,0.9507,0.9375,0.9355,0.2769,0.2864
private,3341,4,Sad,6,6,Neutral,0.9434,0.9580,0.9507,0.9263,0.9478,0.3130,0.2482
private,3578,6,Neutral,3,3,Happy,0.9482,0.9526,0.9504,0.9351,0.9429,0.2952,0.2756
private,272,3,Happy,5,5,Surprise,0.9487,0.9517,0.9502,0.9355,0.9399,0.2905,0.2776
private,421,2,Fear,4,4,Sad,0.9526,0.9473,0.9500,0.9399,0.9321,0.2722,0.2974
private,492,4,Sad,0,0,Angry,0.9448,0.9551,0.9500,0.9282,0.9419,0.3059,0.2615
private,3468,3,Happy,2,2,Fear,0.9419,0.9575,0.9497,0.9229,0.9478,0.3188,0.2505
private,3404,2,Fear,3,3,Happy,0.9517,0.9458,0.9487,0.9414,0.9307,0.2791,0.3052
private,3482,0,Angry,2,2,Fear,0.9551,0.9395,0.9473,0.9370,0.9087,0.2556,0.3145
private,1419,4,Sad,6,6,Neutral,0.9478,0.9443,0.9460,0.9341,0.9307,0.2959,0.3130
private,1586,4,Sad,2,2,Fear,0.9297,0.9619,0.9458,0.9067,0.9482,0.3718,0.2252
private,2898,4,Sad,5,5,Surprise,0.9390,0.9526,0.9458,0.9199,0.9375,0.3315,0.2710
private,473,0,Angry,5,5,Surprise,0.9438,0.9473,0.9456,0.9292,0.9297,0.3118,0.2949
private,2156,4,Sad,6,6,Neutral,0.9346,0.9556,0.9451,0.9150,0.9458,0.3528,0.2595
private,2487,5,Surprise,4,4,Sad,0.9541,0.9355,0.9448,0.9395,0.9092,0.2651,0.3425
private,189,1,Disgust,2,2,Fear,0.9517,0.9375,0.9446,0.9355,0.9165,0.2759,0.3354
private,486,2,Fear,4,4,Sad,0.9370,0.9521,0.9446,0.9180,0.9409,0.3384,0.2756
private,596,5,Surprise,3,3,Happy,0.9497,0.9395,0.9446,0.9272,0.9062,0.2788,0.3125
private,1754,3,Happy,5,5,Surprise,0.9355,0.9536,0.9446,0.9009,0.9331,0.3301,0.2615
private,70,2,Fear,0,0,Angry,0.9434,0.9448,0.9441,0.9204,0.9316,0.3093,0.3101
private,3019,0,Angry,6,6,Neutral,0.9331,0.9536,0.9434,0.9116,0.9399,0.3572,0.2656
private,3405,0,Angry,4,4,Sad,0.9531,0.9336,0.9434,0.9395,0.9053,0.2686,0.3467
private,2402,2,Fear,0,0,Angry,0.9375,0.9478,0.9426,0.9048,0.9292,0.3232,0.2925
private,3351,2,Fear,0,0,Angry,0.9253,0.9595,0.9424,0.8911,0.9473,0.3811,0.2379
private,2420,2,Fear,6,6,Neutral,0.9438,0.9399,0.9419,0.9316,0.9229,0.3152,0.3271
private,743,6,Neutral,3,3,Happy,0.9438,0.9390,0.9414,0.9238,0.9141,0.3101,0.3286
private,3162,4,Sad,6,6,Neutral,0.9263,0.9561,0.9412,0.8901,0.9395,0.3743,0.2527
private,3465,2,Fear,0,0,Angry,0.9292,0.9531,0.9412,0.8882,0.9414,0.3516,0.2712
private,1833,6,Neutral,4,4,Sad,0.9453,0.9365,0.9409,0.9287,0.9185,0.3057,0.3445
private,167,0,Angry,5,5,Surprise,0.9336,0.9478,0.9407,0.9062,0.9341,0.3518,0.2969
private,2380,2,Fear,4,4,Sad,0.9526,0.9268,0.9397,0.9399,0.9062,0.2720,0.3840
private,1533,4,Sad,6,6,Neutral,0.9375,0.9404,0.9390,0.9233,0.9238,0.3438,0.3296
private,351,2,Fear,5,5,Surprise,0.9429,0.9326,0.9377,0.9199,0.9038,0.3118,0.3542
private,2357,2,Fear,5,5,Surprise,0.9302,0.9438,0.9370,0.8950,0.9224,0.3557,0.3076
private,2411,5,Surprise,3,3,Happy,0.9380,0.9360,0.9370,0.9155,0.9136,0.3362,0.3455
private,3322,4,Sad,6,6,Neutral,0.9277,0.9448,0.9363,0.9097,0.9316,0.3845,0.3103
private,1674,3,Happy,5,5,Surprise,0.9502,0.9204,0.9353,0.9341,0.8770,0.2815,0.3875
private,561,4,Sad,3,3,Happy,0.9209,0.9492,0.9351,0.8828,0.9321,0.3960,0.2876
private,1707,2,Fear,5,5,Surprise,0.9609,0.9082,0.9346,0.9521,0.8701,0.2334,0.4485
private,739,4,Sad,6,6,Neutral,0.9253,0.9434,0.9343,0.8984,0.9292,0.3884,0.3147
private,1058,0,Angry,2,2,Fear,0.9346,0.9336,0.9341,0.9102,0.9023,0.3474,0.3445
private,3135,6,Neutral,5,5,Surprise,0.9209,0.9453,0.9331,0.8906,0.9287,0.4050,0.3047
private,2580,2,Fear,5,5,Surprise,0.9131,0.9517,0.9324,0.8760,0.9360,0.4304,0.2759
private,2935,4,Sad,6,6,Neutral,0.9282,0.9365,0.9324,0.8965,0.9219,0.3687,0.3477
private,411,0,Angry,4,4,Sad,0.9126,0.9517,0.9321,0.8828,0.9351,0.4424,0.2737
private,1427,0,Angry,4,4,Sad,0.9438,0.9204,0.9321,0.9258,0.8960,0.3103,0.4070
private,2645,0,Angry,6,6,Neutral,0.9219,0.9419,0.9319,0.8984,0.9243,0.4075,0.3230
private,2887,0,Angry,5,5,Surprise,0.9473,0.9155,0.9314,0.9355,0.8818,0.2986,0.4268
private,2312,4,Sad,6,6,Neutral,0.9253,0.9346,0.9299,0.9038,0.9102,0.3918,0.3503
private,2808,2,Fear,6,6,Neutral,0.9072,0.9507,0.9290,0.8735,0.9297,0.4524,0.2729
private,984,4,Sad,6,6,Neutral,0.9351,0.9214,0.9282,0.9150,0.8911,0.3516,0.4038
private,1509,3,Happy,6,6,Neutral,0.9106,0.9448,0.9277,0.8862,0.9331,0.4519,0.3125
private,1595,4,Sad,6,6,Neutral,0.9316,0.9238,0.9277,0.9102,0.9023,0.3635,0.3977
private,3346,5,Surprise,3,3,Happy,0.9150,0.9390,0.9270,0.8687,0.9160,0.4106,0.3318
private,2223,6,Neutral,3,3,Happy,0.9341,0.9185,0.9263,0.9067,0.8774,0.3469,0.4036
private,3437,2,Fear,4,4,Sad,0.9062,0.9453,0.9258,0.8594,0.9268,0.4431,0.3040
private,220,2,Fear,4,4,Sad,0.9482,0.9004,0.9243,0.9312,0.8628,0.2915,0.4834
private,851,2,Fear,4,4,Sad,0.9116,0.9365,0.9241,0.8760,0.9189,0.4385,0.3450
private,1507,2,Fear,5,5,Surprise,0.9375,0.9106,0.9241,0.9146,0.8730,0.3364,0.4424
private,2678,3,Happy,5,5,Surprise,0.9028,0.9404,0.9216,0.8354,0.9087,0.4270,0.3101
private,653,6,Neutral,4,4,Sad,0.8828,0.9600,0.9214,0.8257,0.9507,0.5283,0.2395
private,2683,6,Neutral,2,2,Fear,0.9136,0.9272,0.9204,0.8652,0.8853,0.4089,0.3596
private,394,2,Fear,4,4,Sad,0.9360,0.9038,0.9199,0.9189,0.8506,0.3452,0.4495
private,2821,0,Angry,1,1,Disgust,0.9595,0.8804,0.9199,0.9438,0.8262,0.2367,0.5522
private,513,4,Sad,2,2,Fear,0.9419,0.8975,0.9197,0.9258,0.8579,0.3201,0.4863
private,61,4,Sad,5,5,Surprise,0.9028,0.9360,0.9194,0.8740,0.9082,0.4802,0.3386
private,2396,4,Sad,0,0,Angry,0.9087,0.9302,0.9194,0.8750,0.8950,0.4429,0.3557
private,1294,2,Fear,6,6,Neutral,0.9209,0.9165,0.9187,0.8887,0.8799,0.4038,0.4180
private,3572,2,Fear,0,0,Angry,0.8809,0.9556,0.9182,0.8125,0.9429,0.5234,0.2598
private,470,4,Sad,6,6,Neutral,0.9282,0.9062,0.9172,0.8916,0.8467,0.3613,0.4270
private,1350,3,Happy,0,0,Angry,0.8872,0.9468,0.9170,0.8496,0.9219,0.5234,0.2905
private,2154,3,Happy,5,5,Surprise,0.9170,0.9150,0.9160,0.8813,0.8867,0.4165,0.4312
private,850,0,Angry,6,6,Neutral,0.8979,0.9336,0.9158,0.8623,0.9102,0.4897,0.3535
private,1596,6,Neutral,4,4,Sad,0.8862,0.9448,0.9155,0.8184,0.9268,0.5010,0.3057
private,224,4,Sad,6,6,Neutral,0.9233,0.9058,0.9146,0.9023,0.8628,0.4009,0.4583
private,2065,0,Angry,4,4,Sad,0.9219,0.9048,0.9133,0.8770,0.8618,0.3770,0.4580
private,6,4,Sad,6,6,Neutral,0.9165,0.9092,0.9128,0.8857,0.8711,0.4148,0.4351
private,204,4,Sad,6,6,Neutral,0.9072,0.9185,0.9128,0.8765,0.8989,0.4604,0.4248
private,667,6,Neutral,4,4,Sad,0.9077,0.9180,0.9128,0.8687,0.8916,0.4531,0.4236
private,1701,6,Neutral,3,3,Happy,0.8979,0.9258,0.9119,0.8706,0.8936,0.5068,0.3823
private,2949,5,Surprise,3,3,Happy,0.8862,0.9360,0.9111,0.8398,0.9111,0.5288,0.3357
private,330,3,Happy,0,0,Angry,0.9155,0.9043,0.9099,0.8809,0.8594,0.4260,0.4585
private,915,4,Sad,6,6,Neutral,0.9292,0.8906,0.9099,0.9097,0.8320,0.3728,0.4963
private,3113,4,Sad,6,6,Neutral,0.9312,0.8887,0.9099,0.9077,0.8491,0.3630,0.5229
private,889,0,Angry,6,6,Neutral,0.9517,0.8667,0.9092,0.9409,0.7939,0.2793,0.5762
private,2994,4,Sad,0,0,Angry,0.8672,0.9512,0.9092,0.8047,0.9351,0.5913,0.2783
private,472,4,Sad,6,6,Neutral,0.8711,0.9468,0.9089,0.8110,0.9346,0.5801,0.3010
private,468,2,Fear,4,4,Sad,0.8989,0.9185,0.9087,0.8486,0.8848,0.4761,0.4084
private,2579,2,Fear,0,0,Angry,0.9448,0.8726,0.9087,0.9258,0.7959,0.3015,0.5410
private,1883,2,Fear,0,0,Angry,0.9106,0.9058,0.9082,0.8569,0.8467,0.4160,0.4275
private,2206,2,Fear,0,0,Angry,0.8696,0.9468,0.9082,0.8276,0.9302,0.5913,0.2957
private,3283,2,Fear,6,6,Neutral,0.8735,0.9424,0.9080,0.8174,0.9282,0.5752,0.3213
private,749,0,Angry,4,4,Sad,0.9248,0.8906,0.9077,0.9019,0.8354,0.3862,0.5029
private,53,2,Fear,0,0,Angry,0.8901,0.9248,0.9075,0.8223,0.8877,0.4827,0.3777
private,1285,2,Fear,0,0,Angry,0.9443,0.8706,0.9075,0.9194,0.8032,0.3032,0.5732
private,864,0,Angry,2,2,Fear,0.9111,0.9028,0.9070,0.8652,0.8525,0.4302,0.4607
private,1785,2,Fear,0,0,Angry,0.8853,0.9268,0.9060,0.8525,0.8979,0.5557,0.3804
private,1876,3,Happy,6,6,Neutral,0.9463,0.8657,0.9060,0.9258,0.7827,0.2986,0.5645
private,2788,6,Neutral,3,3,Happy,0.9136,0.8984,0.9060,0.8657,0.8394,0.4163,0.4648
private,3225,2,Fear,4,4,Sad,0.9429,0.8691,0.9060,0.9243,0.7856,0.3137,0.5488
private,527,4,Sad,6,6,Neutral,0.8867,0.9248,0.9058,0.8452,0.8984,0.5278,0.3875
private,661,0,Angry,3,3,Happy,0.8784,0.9331,0.9058,0.8374,0.9136,0.5649,0.3613
private,2907,3,Happy,6,6,Neutral,0.9185,0.8926,0.9055,0.8906,0.8535,0.4163,0.5127
private,1373,4,Sad,0,0,Angry,0.9102,0.8984,0.9043,0.8672,0.8481,0.4377,0.4800
private,3255,0,Angry,6,6,Neutral,0.8828,0.9258,0.9043,0.8237,0.8975,0.5269,0.3811
private,2242,4,Sad,6,6,Neutral,0.8926,0.9141,0.9033,0.8535,0.8711,0.5117,0.4172
private,2541,4,Sad,6,6,Neutral,0.8789,0.9272,0.9031,0.8213,0.8926,0.5454,0.3726
private,405,4,Sad,6,6,Neutral,0.8672,0.9375,0.9023,0.8081,0.9155,0.5962,0.3384
private,1781,0,Angry,4,4,Sad,0.9351,0.8691,0.9021,0.8975,0.7778,0.3274,0.5298
private,2434,3,Happy,4,4,Sad,0.9253,0.8784,0.9019,0.8994,0.8140,0.3889,0.5376
private,1306,2,Fear,4,4,Sad,0.8569,0.9463,0.9016,0.7773,0.9287,0.5986,0.3010
private,2178,2,Fear,4,4,Sad,0.9062,0.8970,0.9016,0.8706,0.8540,0.4521,0.4927
private,2979,0,Angry,2,2,Fear,0.9136,0.8887,0.9011,0.8677,0.8203,0.4082,0.4885
private,903,4,Sad,6,6,Neutral,0.8740,0.9268,0.9004,0.8359,0.8984,0.5879,0.3723
private,115,3,Happy,6,6,Neutral,0.9282,0.8706,0.8994,0.9111,0.8242,0.3818,0.5835
private,277,0,Angry,4,4,Sad,0.9365,0.8516,0.8940,0.9102,0.7871,0.3362,0.6440
private,358,2,Fear,4,4,Sad,0.8901,0.8975,0.8938,0.8218,0.8340,0.4761,0.4604
private,2560,0,Angry,4,4,Sad,0.8218,0.9658,0.8938,0.7422,0.9580,0.7271,0.2086
private,2668,4,Sad,6,6,Neutral,0.8638,0.9233,0.8936,0.7910,0.8882,0.5820,0.3867
private,2529,4,Sad,0,0,Angry,0.8447,0.9409,0.8928,0.7305,0.9155,0.5854,0.3179
private,3359,6,Neutral,4,4,Sad,0.9058,0.8799,0.8928,0.8647,0.8140,0.4509,0.5234
private,2066,2,Fear,4,4,Sad,0.9521,0.8330,0.8926,0.9375,0.7285,0.2737,0.6577
private,1112,2,Fear,0,0,Angry,0.8818,0.9014,0.8916,0.8013,0.8486,0.4971,0.4587
private,3549,3,Happy,2,2,Fear,0.8447,0.9385,0.8916,0.7285,0.9141,0.5801,0.3298
private,2685,4,Sad,0,0,Angry,0.9038,0.8784,0.8911,0.8633,0.8394,0.4683,0.5674
private,3175,6,Neutral,3,3,Happy,0.8218,0.9570,0.8894,0.6934,0.9487,0.6553,0.2549
private,1101,6,Neutral,4,4,Sad,0.8779,0.8989,0.8884,0.8198,0.8613,0.5454,0.4878
private,3523,0,Angry,6,6,Neutral,0.8267,0.9502,0.8884,0.7393,0.9395,0.7109,0.2856
private,1104,0,Angry,6,6,Neutral,0.8892,0.8872,0.8882,0.8506,0.8286,0.5200,0.5049
private,3259,2,Fear,6,6,Neutral,0.9160,0.8594,0.8877,0.8945,0.8169,0.4292,0.6328
private,1532,2,Fear,4,4,Sad,0.8296,0.9438,0.8867,0.7373,0.9233,0.6860,0.3088
private,2150,0,Angry,4,4,Sad,0.8140,0.9595,0.8867,0.7124,0.9492,0.7266,0.2385
private,1033,4,Sad,6,6,Neutral,0.8354,0.9365,0.8860,0.7363,0.9028,0.6533,0.3264
private,1768,2,Fear,3,3,Happy,0.8672,0.9043,0.8857,0.8101,0.8608,0.5967,0.4656
private,2757,6,Neutral,2,2,Fear,0.8354,0.9360,0.8857,0.7222,0.9087,0.6094,0.3313
private,148,4,Sad,6,6,Neutral,0.8481,0.9224,0.8853,0.7803,0.9009,0.6406,0.4070
private,2041,2,Fear,4,4,Sad,0.9355,0.8325,0.8840,0.9048,0.7446,0.3333,0.6685
private,1216,6,Neutral,0,0,Angry,0.8403,0.9258,0.8831,0.7905,0.8970,0.7031,0.3801
private,1954,5,Surprise,2,2,Fear,0.8936,0.8721,0.8828,0.8403,0.8218,0.4949,0.5850
private,763,6,Neutral,4,4,Sad,0.8521,0.9121,0.8821,0.7646,0.8735,0.6113,0.4353
private,1638,4,Sad,6,6,Neutral,0.8848,0.8789,0.8818,0.8428,0.8262,0.5283,0.5483
private,2774,4,Sad,6,6,Neutral,0.9233,0.8384,0.8809,0.9028,0.7729,0.4028,0.6670
private,2241,6,Neutral,3,3,Happy,0.8506,0.9102,0.8804,0.7515,0.8677,0.5923,0.4390
private,3463,6,Neutral,4,4,Sad,0.9028,0.8579,0.8804,0.8706,0.7822,0.4692,0.6104
private,2048,6,Neutral,3,3,Happy,0.9551,0.8037,0.8794,0.9429,0.6787,0.2620,0.7368
private,1986,2,Fear,4,4,Sad,0.8491,0.9092,0.8792,0.7910,0.8652,0.6440,0.4429
private,2753,0,Angry,4,4,Sad,0.8872,0.8711,0.8792,0.8423,0.8130,0.5088,0.5737
private,3269,4,Sad,2,2,Fear,0.8193,0.9385,0.8789,0.6909,0.9102,0.6436,0.3213
private,2068,4,Sad,6,6,Neutral,0.9453,0.8086,0.8770,0.9287,0.7544,0.3054,0.7910
private,885,2,Fear,5,5,Surprise,0.8037,0.9478,0.8757,0.7148,0.9302,0.7485,0.2917
private,390,2,Fear,6,6,Neutral,0.9023,0.8477,0.8750,0.8667,0.7876,0.4700,0.6504
private,622,4,Sad,3,3,Happy,0.8193,0.9307,0.8750,0.7080,0.8994,0.6997,0.3586
private,2412,5,Surprise,2,2,Fear,0.8638,0.8853,0.8745,0.7842,0.8428,0.5781,0.5391
private,480,6,Neutral,4,4,Sad,0.8799,0.8667,0.8733,0.8091,0.7764,0.5215,0.5444
private,2374,4,Sad,0,0,Angry,0.8403,0.9062,0.8733,0.7842,0.8564,0.7007,0.4451
private,3312,4,Sad,0,0,Angry,0.8403,0.9062,0.8733,0.7842,0.8564,0.7007,0.4451
private,125,0,Angry,4,4,Sad,0.8647,0.8799,0.8723,0.8135,0.8345,0.6113,0.5454
private,643,2,Fear,6,6,Neutral,0.8354,0.9082,0.8718,0.7715,0.8770,0.7070,0.4602
private,3374,2,Fear,0,0,Angry,0.8218,0.9199,0.8708,0.7578,0.8901,0.7480,0.4045
private,672,6,Neutral,4,4,Sad,0.8335,0.9048,0.8691,0.7520,0.8477,0.6812,0.4380
private,1282,0,Angry,2,2,Fear,0.8228,0.9155,0.8691,0.7070,0.8887,0.6738,0.4255
private,2317,2,Fear,0,0,Angry,0.8760,0.8623,0.8691,0.7861,0.7710,0.5015,0.5615
private,1698,4,Sad,0,0,Angry,0.8779,0.8589,0.8684,0.8394,0.7793,0.5771,0.5947
private,2727,6,Neutral,4,4,Sad,0.8955,0.8413,0.8684,0.8511,0.7476,0.4956,0.6343
private,3410,2,Fear,0,0,Angry,0.8047,0.9307,0.8677,0.7334,0.8970,0.7827,0.3569
private,1437,0,Angry,4,4,Sad,0.9038,0.8296,0.8667,0.8477,0.7388,0.4426,0.7007
private,1834,6,Neutral,3,3,Happy,0.9019,0.8306,0.8662,0.8628,0.7656,0.4780,0.7261
private,1192,2,Fear,6,6,Neutral,0.8247,0.9072,0.8660,0.7593,0.8823,0.7202,0.4656
private,3293,2,Fear,4,4,Sad,0.9150,0.8169,0.8660,0.8823,0.7632,0.4275,0.7764
private,2754,4,Sad,2,2,Fear,0.8540,0.8774,0.8657,0.8101,0.8140,0.6455,0.5405
private,2194,2,Fear,4,4,Sad,0.8965,0.8320,0.8643,0.8413,0.7051,0.4673,0.6099
private,2652,3,Happy,4,4,Sad,0.8906,0.8350,0.8628,0.8506,0.7681,0.5190,0.7124
private,2219,6,Neutral,4,4,Sad,0.8652,0.8574,0.8613,0.7847,0.7939,0.5713,0.6143
private,2786,5,Surprise,6,6,Neutral,0.8735,0.8486,0.8611,0.8032,0.7856,0.5542,0.6172
private,1760,6,Neutral,0,0,Angry,0.8105,0.9111,0.8608,0.6943,0.8677,0.7192,0.4307
private,819,2,Fear,0,0,Angry,0.9175,0.8022,0.8599,0.8779,0.6533,0.4065,0.6841
private,947,5,Surprise,2,2,Fear,0.8232,0.8965,0.8599,0.6904,0.8467,0.6348,0.4888
private,1937,2,Fear,5,5,Surprise,0.8916,0.8271,0.8594,0.8242,0.7061,0.4785,0.6489
private,2218,2,Fear,6,6,Neutral,0.8730,0.8442,0.8586,0.8359,0.7959,0.5850,0.6807
private,3279,6,Neutral,2,2,Fear,0.8042,0.9126,0.8584,0.6738,0.8696,0.7227,0.4246
private,1757,5,Surprise,3,3,Happy,0.8452,0.8701,0.8577,0.7310,0.7754,0.5845,0.5181
private,1606,2,Fear,3,3,Happy,0.8911,0.8096,0.8503,0.8643,0.6924,0.5278,0.7295
private,970,3,Happy,0,0,Angry,0.8374,0.8574,0.8474,0.7466,0.7764,0.6626,0.6040
private,467,0,Angry,4,4,Sad,0.8564,0.8374,0.8469,0.7905,0.7578,0.5894,0.6479
private,2781,3,Happy,0,0,Angry,0.8916,0.8013,0.8464,0.8164,0.6797,0.4583,0.7471
private,301,0,Angry,2,2,Fear,0.8794,0.8115,0.8455,0.7881,0.6680,0.4819,0.6567
private,3013,4,Sad,0,0,Angry,0.8228,0.8638,0.8433,0.7505,0.7964,0.7168,0.5752
private,1949,4,Sad,2,2,Fear,0.8223,0.8486,0.8354,0.7285,0.7544,0.7090,0.6128
private,2858,5,Surprise,4,4,Sad,0.8057,0.8594,0.8325,0.6963,0.8145,0.7446,0.6309
private,1958,4,Sad,3,3,Happy,0.8062,0.8311,0.8186,0.7163,0.7070,0.7842,0.6221
private,2604,0,Angry,2,2,Fear,0.8203,0.8066,0.8135,0.7300,0.7036,0.7271,0.7637
