review_id,split,row_index,dataset_label,dataset_class,claude_label,claude_confidence,gemini_label,gemini_confidence,disagreement_type,crop_issue,occlusion_issue,poor_quality,both_multiple_emotion_plausible
REV_001,private,616,6,Neutral,Neutral,3,Neutral,3,Multiple_Emotions_Plausible,no,no,no,yes
REV_002,private,156,0,Angry,Surprise,3,Fear,4,Multiple_Emotions_Plausible,no,no,no,yes
REV_005,private,1053,0,Angry,Neutral,3,Sad,3,Multiple_Emotions_Plausible,no,no,no,yes
REV_006,public,1902,4,Sad,CannotJudge,1,Sad,3,CannotJudge_Abstention,no,yes,yes,no
REV_007,private,381,6,Neutral,Surprise,3,Surprise,4,Multiple_Emotions_Plausible,no,yes,no,yes
REV_009,public,2827,4,Sad,CannotJudge,1,Sad,3,CannotJudge_Abstention,yes,yes,yes,no
REV_011,public,2293,4,Sad,Neutral,4,Sad,5,Reviewer_Class_Discordance,no,yes,no,no
REV_012,private,1349,5,Surprise,Angry,3,Angry,5,Multiple_Emotions_Plausible,no,yes,no,yes
REV_013,public,2424,3,Happy,Surprise,3,Happy,3,Multiple_Emotions_Plausible,yes,no,no,yes
REV_016,private,1953,4,Sad,CannotJudge,1,Angry,3,CannotJudge_Abstention,yes,yes,yes,no
REV_017,private,851,2,Fear,CannotJudge,1,Happy,3,CannotJudge_Abstention,yes,yes,yes,no
REV_019,private,1788,0,Angry,Angry,3,Neutral,4,Multiple_Emotions_Plausible,no,no,no,yes
REV_020,private,1064,1,Disgust,Angry,3,Disgust,4,Multiple_Emotions_Plausible,no,no,no,yes
REV_022,public,1404,1,Disgust,Happy,3,Disgust,4,Reviewer_Class_Discordance,no,no,no,no
REV_024,private,3038,2,Fear,Sad,3,Sad,4,Multiple_Emotions_Plausible,no,no,no,yes
REV_025,public,3529,0,Angry,Surprise,3,Fear,4,Multiple_Emotions_Plausible,no,yes,no,yes
REV_026,public,1290,3,Happy,CannotJudge,1,Happy,4,CannotJudge_Abstention,no,no,yes,no
REV_029,public,2921,2,Fear,Neutral,3,Sad,4,Reviewer_Class_Discordance,no,no,no,no
REV_030,public,2475,2,Fear,Fear,3,Fear,4,Multiple_Emotions_Plausible,yes,no,no,yes
REV_031,public,1835,0,Angry,Neutral,4,Sad,5,Reviewer_Class_Discordance,no,no,no,no
REV_032,private,683,0,Angry,Ambiguous,2,Disgust,5,Ambiguous_Abstention,no,no,no,yes
REV_033,public,3173,5,Surprise,Surprise,4,Happy,5,Reviewer_Class_Discordance,no,no,no,no
REV_034,private,2089,4,Sad,Happy,4,Neutral,4,Reviewer_Class_Discordance,no,no,no,no
REV_035,public,278,1,Disgust,Neutral,4,Angry,5,Reviewer_Class_Discordance,no,no,no,no
REV_036,private,2690,4,Sad,Sad,2,Sad,4,Multiple_Emotions_Plausible,no,yes,no,yes
REV_039,private,1692,5,Surprise,Surprise,3,Fear,5,Multiple_Emotions_Plausible,no,no,no,yes
REV_042,public,1639,3,Happy,Neutral,4,Happy,3,Reviewer_Class_Discordance,no,no,no,no
REV_044,public,2706,6,Neutral,Neutral,4,Happy,3,Reviewer_Class_Discordance,no,no,no,no
REV_046,public,1233,4,Sad,CannotJudge,1,Sad,2,CannotJudge_Abstention,yes,yes,yes,no
REV_050,private,746,0,Angry,Angry,4,Disgust,4,Reviewer_Class_Discordance,no,no,no,no
REV_051,private,2143,2,Fear,Ambiguous,2,Disgust,4,Ambiguous_Abstention,no,no,no,yes
REV_052,public,1059,1,Disgust,Neutral,3,Sad,3,Reviewer_Class_Discordance,no,no,no,no
REV_053,public,3218,3,Happy,Happy,4,Neutral,4,Reviewer_Class_Discordance,no,no,no,no
REV_054,private,411,0,Angry,CannotJudge,2,Disgust,3,CannotJudge_Abstention,no,yes,yes,no
REV_056,private,1563,5,Surprise,Happy,3,Surprise,3,Multiple_Emotions_Plausible,no,no,no,yes
REV_059,public,261,1,Disgust,Neutral,3,Disgust,4,Reviewer_Class_Discordance,no,no,no,no
REV_060,private,2848,0,Angry,Sad,4,Sad,4,Multiple_Emotions_Plausible,no,no,no,yes
REV_061,private,3523,0,Angry,Surprise,3,Disgust,3,Reviewer_Class_Discordance,no,no,no,no
REV_063,public,1309,6,Neutral,Sad,3,Sad,3,Multiple_Emotions_Plausible,no,yes,no,yes
REV_064,public,2691,1,Disgust,Angry,4,Fear,4,Reviewer_Class_Discordance,no,no,no,no
REV_067,private,722,4,Sad,CannotJudge,2,Sad,3,CannotJudge_Abstention,no,yes,no,no
REV_070,private,189,1,Disgust,Surprise,3,Neutral,3,Multiple_Emotions_Plausible,no,no,no,yes
REV_071,public,1827,3,Happy,Neutral,4,Happy,3,Reviewer_Class_Discordance,no,yes,no,no
REV_072,public,1432,1,Disgust,CannotJudge,2,Disgust,3,CannotJudge_Abstention,no,no,yes,no
REV_073,private,2150,0,Angry,CannotJudge,2,Neutral,3,CannotJudge_Abstention,yes,yes,yes,no
REV_075,private,1098,6,Neutral,Fear,3,Sad,4,Multiple_Emotions_Plausible,no,no,no,yes
REV_076,public,142,1,Disgust,Surprise,2,Angry,4,Multiple_Emotions_Plausible,yes,no,no,yes
REV_078,private,552,4,Sad,Neutral,3,Ambiguous,2,Ambiguous_Abstention,no,yes,no,no
REV_079,private,1363,1,Disgust,Angry,4,Disgust,4,Reviewer_Class_Discordance,no,no,no,no
REV_080,public,541,6,Neutral,Neutral,3,Sad,3,Reviewer_Class_Discordance,no,no,no,no
REV_081,private,2858,5,Surprise,Neutral,4,Fear,3,Reviewer_Class_Discordance,no,no,no,no
REV_083,public,1274,2,Fear,Neutral,3,Sad,3,Reviewer_Class_Discordance,no,yes,no,no
REV_085,public,960,0,Angry,Happy,4,Fear,3,Reviewer_Class_Discordance,no,no,no,no
REV_086,public,1932,2,Fear,Happy,3,Fear,3,Reviewer_Class_Discordance,no,yes,no,no
REV_087,public,560,1,Disgust,Fear,3,Disgust,3,Multiple_Emotions_Plausible,no,no,no,yes
REV_088,public,2407,2,Fear,Surprise,3,Fear,4,Multiple_Emotions_Plausible,no,yes,no,yes
REV_089,private,1499,0,Angry,Angry,4,Disgust,4,Reviewer_Class_Discordance,no,no,no,no
REV_090,public,242,6,Neutral,Happy,3,Neutral,3,Reviewer_Class_Discordance,no,no,no,no
REV_092,private,1129,5,Surprise,Surprise,4,Surprise,4,Multiple_Emotions_Plausible,no,no,no,yes
REV_094,public,842,5,Surprise,Surprise,3,Fear,4,Reviewer_Class_Discordance,no,yes,no,no
REV_095,private,546,3,Happy,Fear,3,Fear,4,Multiple_Emotions_Plausible,no,no,no,yes
REV_096,public,2299,5,Surprise,Surprise,3,Surprise,4,Multiple_Emotions_Plausible,no,yes,no,yes
REV_097,private,2429,0,Angry,Neutral,4,Angry,3,Reviewer_Class_Discordance,no,no,no,no
REV_098,private,2221,1,Disgust,Angry,3,Disgust,4,Multiple_Emotions_Plausible,no,yes,no,yes
REV_099,public,497,4,Sad,Fear,3,Ambiguous,2,Ambiguous_Abstention,no,no,no,yes
REV_100,private,2434,3,Happy,Ambiguous,3,Happy,4,Ambiguous_Abstention,no,no,no,no
REV_101,public,2506,2,Fear,CannotJudge,2,Neutral,3,CannotJudge_Abstention,no,no,yes,no
REV_102,public,2922,5,Surprise,Surprise,4,Happy,5,Reviewer_Class_Discordance,no,yes,no,no
REV_103,public,122,0,Angry,Neutral,3,Disgust,4,Reviewer_Class_Discordance,yes,yes,no,no
REV_104,public,1584,5,Surprise,Surprise,3,Surprise,3,Multiple_Emotions_Plausible,no,no,no,yes
REV_105,public,807,5,Surprise,Happy,3,Neutral,4,Reviewer_Class_Discordance,no,no,no,no
REV_106,private,3239,6,Neutral,Neutral,2,Sad,4,Multiple_Emotions_Plausible,no,yes,no,yes
REV_107,public,3405,2,Fear,Surprise,4,Happy,4,Reviewer_Class_Discordance,no,no,no,no
REV_110,public,1788,0,Angry,Surprise,4,Angry,3,Reviewer_Class_Discordance,no,no,no,no
REV_113,public,389,1,Disgust,Neutral,4,Disgust,4,Reviewer_Class_Discordance,no,no,no,no
REV_117,private,814,2,Fear,Neutral,4,Sad,4,Reviewer_Class_Discordance,no,yes,no,no
REV_118,public,2219,1,Disgust,Neutral,3,Disgust,3,Reviewer_Class_Discordance,no,no,no,no
REV_119,private,1936,3,Happy,CannotJudge,2,Happy,4,CannotJudge_Abstention,no,no,yes,no
REV_120,private,3475,2,Fear,Angry,4,Disgust,4,Multiple_Emotions_Plausible,no,no,no,yes
REV_123,private,2988,6,Neutral,Neutral,3,Sad,5,Reviewer_Class_Discordance,no,no,no,no
REV_130,public,35,4,Sad,CannotJudge,2,Sad,3,CannotJudge_Abstention,no,yes,yes,no
REV_132,private,2154,3,Happy,Surprise,3,Surprise,4,Multiple_Emotions_Plausible,no,no,no,yes
REV_133,public,1175,5,Surprise,Sad,2,Sad,3,Multiple_Emotions_Plausible,no,yes,no,yes
REV_134,public,3208,0,Angry,Surprise,3,Sad,4,Multiple_Emotions_Plausible,no,no,no,yes
REV_135,private,2977,3,Happy,Fear,3,Happy,3,Multiple_Emotions_Plausible,no,yes,no,yes
REV_137,public,2517,5,Surprise,Happy,4,Surprise,4,Reviewer_Class_Discordance,no,no,no,no
REV_139,private,133,0,Angry,CannotJudge,2,Angry,4,CannotJudge_Abstention,no,no,yes,no
REV_141,public,1301,6,Neutral,Neutral,3,Sad,3,Multiple_Emotions_Plausible,no,no,no,yes
REV_142,private,2495,1,Disgust,Disgust,4,Disgust,4,Multiple_Emotions_Plausible,no,yes,no,yes
REV_143,public,1930,1,Disgust,Angry,4,Sad,4,Reviewer_Class_Discordance,no,no,no,no
REV_144,public,94,5,Surprise,Fear,4,Angry,4,Reviewer_Class_Discordance,no,yes,no,no
REV_145,public,1359,5,Surprise,Surprise,3,Surprise,4,Multiple_Emotions_Plausible,no,yes,no,yes
REV_148,public,2487,1,Disgust,Angry,3,Disgust,4,Multiple_Emotions_Plausible,yes,no,no,yes
REV_149,private,2207,1,Disgust,CannotJudge,2,Angry,5,CannotJudge_Abstention,no,no,yes,no
REV_150,private,860,5,Surprise,Surprise,3,Fear,4,Reviewer_Class_Discordance,no,yes,no,no
REV_151,private,956,4,Sad,Neutral,3,Sad,3,Reviewer_Class_Discordance,no,no,no,no
REV_156,public,1936,4,Sad,Neutral,3,Sad,4,Multiple_Emotions_Plausible,no,no,no,yes
REV_157,private,2223,6,Neutral,Neutral,4,Happy,4,Reviewer_Class_Discordance,no,no,no,no
REV_159,private,3380,5,Surprise,Fear,3,Surprise,3,Multiple_Emotions_Plausible,no,yes,no,yes
REV_160,private,1189,6,Neutral,Neutral,4,Happy,4,Reviewer_Class_Discordance,no,yes,no,no
REV_162,private,1015,5,Surprise,Surprise,4,Fear,4,Reviewer_Class_Discordance,no,no,no,no
REV_163,private,1262,0,Angry,Ambiguous,2,Disgust,3,Ambiguous_Abstention,no,no,yes,yes
REV_164,private,1955,0,Angry,Angry,4,Disgust,4,Reviewer_Class_Discordance,no,no,no,no
REV_168,private,2926,6,Neutral,Neutral,4,Sad,3,Reviewer_Class_Discordance,no,no,no,no
REV_169,public,3495,0,Angry,Happy,3,Disgust,3,Multiple_Emotions_Plausible,no,yes,no,yes
REV_172,public,818,0,Angry,CannotJudge,1,Angry,4,CannotJudge_Abstention,no,yes,yes,no
REV_173,public,3073,2,Fear,Surprise,3,Fear,4,Reviewer_Class_Discordance,no,no,no,no
REV_174,private,334,6,Neutral,Angry,3,Neutral,3,Multiple_Emotions_Plausible,no,no,no,yes
REV_175,public,2198,1,Disgust,Happy,3,Disgust,4,Multiple_Emotions_Plausible,no,no,no,yes
REV_177,private,110,0,Angry,Surprise,3,Angry,4,Multiple_Emotions_Plausible,no,no,no,yes
REV_178,public,1702,4,Sad,Sad,3,Neutral,3,Reviewer_Class_Discordance,no,no,no,no
REV_181,public,214,4,Sad,Neutral,4,Sad,3,Reviewer_Class_Discordance,no,no,no,no
REV_183,public,1701,4,Sad,Fear,3,Fear,4,Multiple_Emotions_Plausible,no,no,no,yes
REV_185,public,2740,2,Fear,CannotJudge,1,Sad,4,CannotJudge_Abstention,no,yes,yes,no
REV_186,private,1216,6,Neutral,CannotJudge,2,Angry,4,CannotJudge_Abstention,no,yes,yes,no
REV_189,public,2119,1,Disgust,Angry,5,Disgust,4,Reviewer_Class_Discordance,no,no,no,no
REV_191,private,398,2,Fear,Neutral,2,Fear,4,Reviewer_Class_Discordance,no,yes,no,no
REV_193,private,1453,0,Angry,Angry,3,Neutral,5,Reviewer_Class_Discordance,no,no,no,no
REV_194,private,1652,5,Surprise,Neutral,3,Angry,3,Reviewer_Class_Discordance,no,yes,no,no
REV_195,private,2752,3,Happy,CannotJudge,2,Happy,5,CannotJudge_Abstention,no,yes,yes,no
REV_196,public,1588,3,Happy,Happy,4,Neutral,3,Reviewer_Class_Discordance,no,no,no,no
REV_198,private,630,4,Sad,Angry,3,Neutral,5,Reviewer_Class_Discordance,no,no,no,no
REV_200,public,934,3,Happy,Neutral,3,Happy,4,Reviewer_Class_Discordance,no,no,no,no
