version,split,head,mode,accuracy,macro_f1
v1,public,pixel,raw,0.5653385344106994,0.4943225360322522
v1,public,pixel,tta,0.5784341042073001,0.5107860296465713
v1,public,motif,raw,0.6767901922541097,0.6560916057148265
v1,public,motif,tta,0.6932293117860128,0.6742789954445784
v1,public,final,raw,0.6753970465310671,0.6537146111666151
v1,public,final,tta,0.6932293117860128,0.6732328694271681
v1,private,pixel,raw,0.5723042630259125,0.5007813752031709
v1,private,pixel,tta,0.5873502368347729,0.5078373575487992
v1,private,motif,raw,0.6820841460016718,0.6717268546958868
v1,private,motif,tta,0.7015881861242687,0.694148684599406
v1,private,final,raw,0.6806910002786292,0.669522848332975
v1,private,final,tta,0.6957369740874896,0.6871041621602544
v2,public,pixel,raw,0.5622736138200056,0.48796425794085213
v2,public,pixel,tta,0.5792699916411257,0.5020642616905687
v2,public,motif,raw,0.6712176093619393,0.6449885118983435
v2,public,motif,tta,0.6851490665923655,0.6624928351906233
v2,public,final,raw,0.674282529952633,0.6453226696586144
v2,public,final,tta,0.6868208414600168,0.6630301692692926
v2,private,pixel,raw,0.5642240178322653,0.5025121812066133
v2,private,pixel,tta,0.5798272499303427,0.5104849876900125
v2,private,motif,raw,0.6820841460016718,0.6731502319977987
v2,private,motif,tta,0.6962942323767066,0.6892259195921756
v2,private,final,raw,0.6804123711340206,0.6700943258363437
v2,private,final,tta,0.6982446363889663,0.6938155320220891
v2_1,public,pixel,raw,0.5564224017832266,0.4745935427567824
v2_1,public,pixel,tta,0.5736974087489551,0.48775521346518813
v2_1,public,motif,raw,0.6709389802173308,0.6474364847397268
v2_1,public,motif,tta,0.6910002786291446,0.6704664165016849
v2_1,public,final,raw,0.674282529952633,0.6489794413322919
v2_1,public,final,tta,0.6926720534967957,0.6705853330310662
v2_1,private,pixel,raw,0.5606018389523544,0.47396482813886376
v2_1,private,pixel,tta,0.5789913624965172,0.4957893903328455
v2_1,private,motif,raw,0.6812482585678462,0.671327563901616
v2_1,private,motif,tta,0.6946224575090555,0.6869047056664777
v2_1,private,final,raw,0.6820841460016718,0.6733310491293023
v2_1,private,final,tta,0.6993591529674004,0.6899949132342549
