version,representation,dim,train_acc,train_f1,public_raw_acc,public_raw_f1,public_tta_acc,public_tta_f1,private_raw_acc,private_raw_f1,private_tta_acc,private_tta_f1,resub_gap_pub,resub_gap_priv
v1,PIXEL_READOUT,128,0.6244034971611689,0.5809191489359714,0.5706324881582614,0.506455037150907,0.5820562830872109,0.525041669432809,0.5759264419058233,0.5202255659155428,0.5870716076901644,0.5256209388078593,0.053771009002907544,0.048477055255345625
v1,MOTIF_READOUT,384,0.9949841513114355,0.9949339479586775,0.668431317915854,0.6546447423431888,0.6801337419894121,0.6656775111222997,0.6692672053496795,0.6544024792763158,0.6887712454722764,0.6833769133119125,0.3265528333955815,0.32571694596175593
v1,FUSION,512,0.996272945766136,0.996267689691485,0.6670381721928114,0.6479804528497083,0.6831986625801059,0.6682040172161736,0.6695458344942881,0.6612128521203152,0.6873780997492338,0.6783176697387265,0.32923477357332465,0.32672711127184795
v1,PRE_MOTIF_SUMMARY,576,0.6655752551464698,0.6528089700235623,0.5578155475062692,0.5164673786324673,0.5881861242685985,0.5429998320887218,0.572582892170521,0.5435855797320739,0.5962663694622458,0.5537969219257395,0.1077597076402006,0.0929923629759487
v1,POST_MOTIF_SUMMARY,576,0.9952628095719113,0.9952970416701296,0.6550571189746448,0.6383162510755518,0.6734466425188075,0.6628457120988009,0.6494845360824743,0.6412656624223764,0.6809696294232377,0.6767834460350196,0.34020569059726646,0.345778273489437
v1,WHAT_ONLY,288,0.6072660141419067,0.5642735956332536,0.5307885204792421,0.4768324734497181,0.5550292560601839,0.4914813392909369,0.550292560601839,0.5164781480532485,0.5622736138200056,0.5164282798748271,0.07647749366266465,0.056973453540067776
v1,TYPE_ONLY,96,0.4943745863666446,0.43392745511347236,0.46781833379771526,0.40670676694622937,0.4889941487879632,0.42024160270984756,0.45611590972415716,0.39722569361549626,0.4906659236556144,0.41471628365644936,0.02655625256892935,0.038258676642487444
v1,WHERE_ONLY,15,0.2939844648019785,0.1731337823338587,0.2875452772359989,0.16018729580872074,0.29590415157425465,0.16609380201164795,0.28308721092226247,0.1698405163687531,0.28893842295904154,0.1679337895176707,0.006439187565979609,0.010897253879716018
v1,WHAT_WHERE,303,0.6067086976209551,0.5644115687238066,0.529674003900808,0.4727208017277697,0.5519643354694901,0.4913456901923959,0.546113123432711,0.5165648650362985,0.5642240178322653,0.5184683666822981,0.07703469372014715,0.06059557418824413
v1,TYPE_WHERE,111,0.49897244766449544,0.4408993820789443,0.4739481749791028,0.42087530990281025,0.49456673168013376,0.4323505734365462,0.46363889662858737,0.4088995849605252,0.4928949568124826,0.41799186765420276,0.025024272685392646,0.03533355103590807
v1,WHAT_TYPE_WHERE,399,0.62301020585879,0.5867706942852571,0.5422123154081917,0.4988558257756704,0.561994984675397,0.5015810153121621,0.5458344942881025,0.5111058833871144,0.5709111173028699,0.5272428766892224,0.08079789045059826,0.07717571157068748
v1,ASSIGNMENT_PYRAMID,240,0.544881396077885,0.4976674036949527,0.5146280300919476,0.4731936924526323,0.5307885204792421,0.4695719919986118,0.5235441627194205,0.47800920602550834,0.5327389244915018,0.4643389611812624,0.03025336598593742,0.02133723335846449
v1,OCCURRENCE_TYPE_DISTRIBUTION,144,0.5400397088021178,0.474301910891431,0.5082195597659516,0.45293729717790915,0.5254945667316802,0.4613668378376933,0.5023683477291725,0.45261367936246283,0.5271663415993313,0.453909549295152,0.031820149036166256,0.03767136107294533
v2,PIXEL_READOUT,128,0.6293148490020551,0.5808370335220888,0.5608804680969629,0.4977743233806429,0.5803845082195598,0.5191436720785801,0.5633881303984397,0.5085050417474515,0.5736974087489551,0.5141159036052307,0.06843438090509224,0.06592671860361543
v2,MOTIF_READOUT,384,0.9417255912779965,0.945095030692452,0.6681526887712455,0.6448047598981407,0.6759543048202842,0.6630703036028487,0.6675954304820284,0.6676881779051274,0.684870437447757,0.6888178140941846,0.27357290250675104,0.2741301607959681
v2,FUSION,512,0.9483785572468564,0.9521755074736861,0.663137364168292,0.6418506882164802,0.673168013374199,0.6604937173172188,0.6656450264697688,0.6610973408355278,0.6820841460016718,0.6850147903248738,0.2852411930785643,0.2827335307770876
v2,PRE_MOTIF_SUMMARY,576,0.6693023093803337,0.6563941182139353,0.5767623293396489,0.5358010226841999,0.588464753413207,0.5428657282929061,0.5697966007244358,0.5415396924675557,0.5890220117024241,0.5471000037954631,0.09253998004068487,0.09950570865589792
v2,POST_MOTIF_SUMMARY,576,0.9376153819359783,0.9424160518563338,0.657286152131513,0.6388271708885889,0.668431317915854,0.655087919806464,0.6636946224575091,0.6621701042854833,0.6818055168570633,0.6765797081225186,0.2803292298044653,0.27392075947846917
v2,WHAT_ONLY,288,0.5969208262217424,0.5625615099416632,0.5388687656728894,0.5032192140942671,0.5494566731680134,0.4971331694093111,0.5419336862635832,0.4985831590232204,0.5597659515185288,0.5083629829280142,0.058052060548852924,0.05498713995815918
v2,TYPE_ONLY,96,0.33139433627085585,0.247608143007215,0.31930899972137083,0.2333904880275524,0.33296182780718864,0.24040245454737158,0.32766787405962666,0.24342225122474864,0.3399275564224018,0.2485674500875549,0.012085336549485015,0.0037264622112291867
v2,WHERE_ONLY,15,0.2945417813229301,0.1930888234569759,0.29451100585121204,0.18920870286913802,0.2906101978266927,0.18273870877521475,0.2931178601281694,0.19830399920845612,0.2922819726943438,0.19769680270452986,3.077547171803641e-05,0.0014239211947606467
v2,WHAT_WHERE,303,0.6018321780626285,0.5712741258980881,0.539147394817498,0.5015389325233427,0.5477848983003623,0.49496981154827974,0.5427695736974087,0.5066801981434041,0.5670103092783505,0.5181947147773613,0.0626847832451305,0.059062604365219706
v2,TYPE_WHERE,111,0.36302204883486017,0.2779303708795599,0.3482864307606576,0.2613092684397448,0.35692393424352187,0.26622782671387846,0.35107272220674285,0.26823003129517675,0.3613820005572583,0.2748708280246473,0.014735618074202594,0.011949326628117318
v2,WHAT_TYPE_WHERE,399,0.6055592322964924,0.573608063513377,0.5449986068542769,0.5023729588332898,0.5525215937587071,0.4957913134418119,0.5383115073836723,0.48846812125206823,0.5622736138200056,0.5129486742384695,0.06056062544221552,0.06724772491282016
v2,ASSIGNMENT_PYRAMID,240,0.3309763488801421,0.24396716852249398,0.31986625801058793,0.23686682861411873,0.3443856227361382,0.25332366243814053,0.320423516299805,0.23651539939470756,0.3452215101699638,0.2518093401949237,0.011110090869554168,0.010552832580337124
v2,OCCURRENCE_TYPE_DISTRIBUTION,144,0.3394754258246543,0.24852531980725814,0.331568682084146,0.23867799661929312,0.34633602674839786,0.24771857069555778,0.3259960991919755,0.240381714457874,0.3365840066870995,0.2395211489363239,0.00790674374050826,0.013479326632678812
v2_1,PIXEL_READOUT,128,0.622870876728552,0.5704842965024267,0.5519643354694901,0.4865089761638025,0.5756478127612148,0.5159039167485526,0.5611590972415714,0.4976078066672957,0.5756478127612148,0.5055477556224794,0.07090654125906193,0.06171177948698059
v2_1,MOTIF_READOUT,384,0.9621373088578494,0.9645439218557443,0.6634159933129006,0.6417324514773411,0.6809696294232377,0.6601924286497816,0.6687099470604625,0.6601336844615338,0.6812482585678462,0.6747890676621042,0.29872131554494885,0.29342736179738693
v2_1,FUSION,512,0.9681632937406388,0.9705791677221033,0.6595151852883812,0.6429318842277734,0.6801337419894121,0.6639090037355739,0.6678740596266369,0.6589467011667693,0.6851490665923655,0.6796020334822652,0.30864810845225765,0.3002892341140019
v2_1,PRE_MOTIF_SUMMARY,576,0.6699641227489638,0.6583696862266207,0.5748119253273892,0.5332667551399217,0.5945945945945946,0.5465752198603706,0.5801058790749513,0.5438600198578333,0.593201448871552,0.5471327178244048,0.09515219742157455,0.08985824367401252
v2_1,POST_MOTIF_SUMMARY,576,0.9542652129994078,0.9576383483441425,0.6589579269991641,0.6384539631888954,0.6734466425188075,0.6508949452363277,0.6556143772638618,0.6464169701111764,0.6826414042908888,0.6748898644566524,0.2953072860002437,0.29865083573554596
v2_1,WHAT_ONLY,288,0.5947263924204953,0.5609298063849297,0.546113123432711,0.5013221549050836,0.5583728057954862,0.4996240158883433,0.5408191696851491,0.4900497266938075,0.567288938422959,0.5106413504365751,0.048613268987784286,0.053907222735346205
v2_1,TYPE_ONLY,96,0.3394754258246543,0.2569997366021556,0.33324045695179716,0.25241785142305506,0.34187796043466145,0.25658446883761127,0.3251602117581499,0.24726600602194074,0.33435497353023125,0.2526277004831427,0.006234968872857127,0.014315214066504378
v2_1,WHERE_ONLY,15,0.2967362151241771,0.19943577600854062,0.3042630259125104,0.20826006115874413,0.3134577876845918,0.20989016654130532,0.28141543605461133,0.191938285657922,0.29033156868208415,0.19268929733755943,-0.007526810788333338,0.015320779069565749
v2_1,WHAT_WHERE,303,0.5982444529590024,0.5652548696762427,0.5463917525773195,0.4973791865435096,0.5564224017832266,0.4991687193193682,0.5405405405405406,0.48863789395730306,0.5692393424352187,0.5100360775800905,0.05185270038168288,0.057703912418461845
v2_1,TYPE_WHERE,111,0.36591312828729666,0.28878273091468215,0.3560880468096963,0.2775633501077524,0.37029813318473115,0.28873234564091094,0.3485650599052661,0.2781332857828563,0.3546949010866537,0.2754971685402831,0.009825081477600361,0.017348068382030568
v2_1,WHAT_TYPE_WHERE,399,0.6064648716430387,0.5768866280672095,0.5424909445528002,0.4957362335942781,0.5653385344106994,0.5169211717205359,0.550292560601839,0.5055010396231548,0.572582892170521,0.5239152321208165,0.06397392709023852,0.056172311041199796
v2_1,ASSIGNMENT_PYRAMID,240,0.33094151659758264,0.24133655564616596,0.3282251323488437,0.24021547367714477,0.3354694901086654,0.24256519178112862,0.31930899972137083,0.23277515184964964,0.3371412649763165,0.2426780531274809,0.0027163842487389345,0.011632516876211807
v2_1,OCCURRENCE_TYPE_DISTRIBUTION,144,0.3277717788846703,0.24219268885379797,0.3187517414321538,0.23579800785768779,0.3234884368904987,0.233801992209822,0.320980774589022,0.24222730444786378,0.3326831986625801,0.24547292766819526,0.009020037452516505,0.006791004295648273
