version,split,comparison_id,comparison,delta_acc_point,delta_acc_ci_low,delta_acc_ci_high,delta_f1_point,delta_f1_ci_low,delta_f1_ci_high
v1,public,P1,FUSION vs PIXEL_READOUT,0.10114237949289495,0.0844246308163834,0.11646698244636389,0.14316234778336456,0.11812580848327423,0.16670116877600463
v1,public,P2,FUSION vs MOTIF_READOUT,0.0030649205906937427,-0.0030649205906937427,0.009194761772081339,0.002526506093873948,-0.005889136979260754,0.011820224817636716
v1,public,P3,MOTIF_READOUT vs PIXEL_READOUT,0.09807745890220121,0.08108108108108114,0.11368069100027856,0.14063584168949061,0.11638572210899177,0.16446431894162686
v1,public,P4,POST_MOTIF_SUMMARY vs PRE_MOTIF_SUMMARY,0.08526051825020897,0.06910002786291447,0.10142100863750347,0.11984588001007912,0.09530047547351338,0.14474655698070868
v1,public,P5,WHAT_TYPE_WHERE vs WHAT_WHERE,0.010030649205906905,0.0016717748676512434,0.018110894399554267,0.01023532511976627,-0.006068850905634754,0.025861439763026517
v1,public,P6,TYPE_ONLY vs WHAT_ONLY,-0.06603510727222073,-0.08108108108108109,-0.05098216773474503,-0.07123973658108934,-0.0963264592637102,-0.04422353229264016
v1,public,P7,ASSIGNMENT_PYRAMID vs WHAT_ONLY,-0.024240735580941863,-0.0395723042630259,-0.00863053775424912,-0.021909347292325076,-0.04691155367748428,0.003288487919349184
v1,public,P8,OCCURRENCE_TYPE_DISTRIBUTION vs TYPE_ONLY,0.036500417943716945,0.022840624129283876,0.05071050431875174,0.041125235127845716,0.01746346661201619,0.06344930713800111
v1,private,P1,FUSION vs PIXEL_READOUT,0.10030649205906939,0.08413903594315968,0.11702424073558093,0.15269673093086722,0.12708902264095343,0.17957318767555783
v1,private,P2,FUSION vs MOTIF_READOUT,-0.0013931457230426103,-0.008358874338255773,0.005579548620785724,-0.00505924357318599,-0.012814593124871468,0.003067281908569709
v1,private,P3,MOTIF_READOUT vs PIXEL_READOUT,0.101699637782112,0.08581777653942602,0.11841738645862354,0.1577559745040532,0.13226324456031188,0.18454934926438746
v1,private,P4,POST_MOTIF_SUMMARY vs PRE_MOTIF_SUMMARY,0.08470325996099193,0.0682641404290889,0.10114237949289495,0.12298652410928013,0.09627310594139389,0.1496203280609971
v1,private,P5,WHAT_TYPE_WHERE vs WHAT_WHERE,0.0066870994706046405,-0.0019504040122596544,0.015324602953468935,0.008774510006924308,-0.007474605513678975,0.024854969846711455
v1,private,P6,TYPE_ONLY vs WHAT_ONLY,-0.07160769016439122,-0.08665366397325164,-0.05711200891613263,-0.10171199621837773,-0.12653219532156576,-0.07892409904800303
v1,private,P7,ASSIGNMENT_PYRAMID vs WHAT_ONLY,-0.029534689328503783,-0.04402340484814715,-0.013931457230426325,-0.0520893186935647,-0.07403483701001742,-0.029724143906510448
v1,private,P8,OCCURRENCE_TYPE_DISTRIBUTION vs TYPE_ONLY,0.03650041794371689,0.02340484814711624,0.05071050431875174,0.039193265638702623,0.019628482222838316,0.05906716911203547
v2,public,P1,FUSION vs PIXEL_READOUT,0.09278350515463918,0.07718027305656172,0.1092226246865422,0.1413500452386387,0.11586032799987794,0.16757219178443153
v2,public,P2,FUSION vs MOTIF_READOUT,-0.0027862914460852206,-0.009752020061298383,0.003900808024519309,-0.002576586285629845,-0.013019440877667399,0.0067894499648075025
v2,public,P3,MOTIF_READOUT vs PIXEL_READOUT,0.0955697966007244,0.07995959877403173,0.11200891613262742,0.14392663152426854,0.11788911849705233,0.17026930726489187
v2,public,P4,POST_MOTIF_SUMMARY vs PRE_MOTIF_SUMMARY,0.07996656450264694,0.06519921983839505,0.09529116745611588,0.11222219151355783,0.08862951166365762,0.13649746845916455
v2,public,P5,WHAT_TYPE_WHERE vs WHAT_WHERE,0.004736695458344875,-0.0016717748676511324,0.011423794928949627,0.0008215018935321394,-0.011105749314379852,0.012730511689248302
v2,public,P6,TYPE_ONLY vs WHAT_ONLY,-0.21649484536082475,-0.23404848147116192,-0.19949150181108946,-0.25673071486193955,-0.2806964974820783,-0.23259523728037088
v2,public,P7,ASSIGNMENT_PYRAMID vs WHAT_ONLY,-0.20507105043187518,-0.22290331568682087,-0.18640289774310392,-0.2438095069711706,-0.2686344384770366,-0.21891960386572365
v2,public,P8,OCCURRENCE_TYPE_DISTRIBUTION vs TYPE_ONLY,0.013374198941209225,0.0016717748676511879,0.025633881303984418,0.007316116148186197,-0.00433436452446645,0.01955499646718922
v2,private,P1,FUSION vs PIXEL_READOUT,0.10838673725271664,0.09111173028698805,0.12566174421844523,0.17089888671964304,0.14586698394275155,0.19601556338806564
v2,private,P2,FUSION vs MOTIF_READOUT,-0.0027862914460852206,-0.00891613262747282,0.003622178879910787,-0.0038030237693108537,-0.011347838893901337,0.0037871346172971363
v2,private,P3,MOTIF_READOUT vs PIXEL_READOUT,0.11117302869880186,0.09445528002229031,0.12816940651992192,0.1747019104889539,0.14931053140997402,0.19887254780810076
v2,private,P4,POST_MOTIF_SUMMARY vs PRE_MOTIF_SUMMARY,0.09278350515463918,0.07661604903872936,0.10867233212594034,0.12947970432705547,0.1049165374203024,0.15370149960533683
v2,private,P5,WHAT_TYPE_WHERE vs WHAT_WHERE,-0.004736695458344875,-0.01198105321816656,0.0019504040122597655,-0.005246040538891883,-0.01953938728933277,0.009124732728326564
v2,private,P6,TYPE_ONLY vs WHAT_ONLY,-0.21983839509612702,-0.23712036779047094,-0.2011563109501254,-0.2597955328404593,-0.28506338936730125,-0.23370322560777548
v2,private,P7,ASSIGNMENT_PYRAMID vs WHAT_ONLY,-0.21454444134856504,-0.23181944831429363,-0.19754806352744497,-0.2565536427330905,-0.281273610724382,-0.22948401126375742
v2,private,P8,OCCURRENCE_TYPE_DISTRIBUTION vs TYPE_ONLY,-0.0033435497353023202,-0.015045973808860413,0.008916132627472817,-0.009046301151231007,-0.021271670076889286,0.003538733764526737
v2_1,public,P1,FUSION vs PIXEL_READOUT,0.10448592922819733,0.08776818055168578,0.12092504876010024,0.1480050869870213,0.1226080957883683,0.17250934105790508
v2_1,public,P2,FUSION vs MOTIF_READOUT,-0.0008358874338255662,-0.006694065199219851,0.00529395374756203,0.003716575085792373,-0.005909427050081947,0.013976100283011864
v2_1,public,P3,MOTIF_READOUT vs PIXEL_READOUT,0.1053218166620229,0.08832543884090283,0.12148927277793257,0.14428851190122893,0.11876143872459595,0.16696738843110254
v2_1,public,P4,POST_MOTIF_SUMMARY vs PRE_MOTIF_SUMMARY,0.07885204792421285,0.06269155753691835,0.09473390916689883,0.10431972537595713,0.08120556387383149,0.12715705841864663
v2_1,public,P5,WHAT_TYPE_WHERE vs WHAT_WHERE,0.008916132627472817,0.0025076623014766986,0.015324602953468935,0.017752452401167684,0.0065681961348273326,0.030711562172599946
v2_1,public,P6,TYPE_ONLY vs WHAT_ONLY,-0.21649484536082475,-0.23432711061577044,-0.1997770966843132,-0.24303954705073205,-0.2677515309465071,-0.21810081857873959
v2_1,public,P7,ASSIGNMENT_PYRAMID vs WHAT_ONLY,-0.2229033156868208,-0.24101421008637502,-0.20451379214265814,-0.2570588241072147,-0.282247093275451,-0.23119147604511261
v2_1,public,P8,OCCURRENCE_TYPE_DISTRIBUTION vs TYPE_ONLY,-0.018389523544162734,-0.03009194761772077,-0.0069657286152131626,-0.02278247662778926,-0.0339562172531998,-0.011365902880849162
v2_1,private,P1,FUSION vs PIXEL_READOUT,0.10950125383115072,0.09278350515463918,0.12539008080245198,0.17405427785978578,0.14735971410960588,0.19992085489736927
v2_1,private,P2,FUSION vs MOTIF_READOUT,0.003900808024519309,-0.0016717748676511324,0.009473390916689972,0.004812965820160997,-0.0026429489798290517,0.013090569447864575
v2_1,private,P3,MOTIF_READOUT vs PIXEL_READOUT,0.10560044580663142,0.08860406798551124,0.12176093619392592,0.16924131203962478,0.1424635286653092,0.1946272331811804
v2_1,private,P4,POST_MOTIF_SUMMARY vs PRE_MOTIF_SUMMARY,0.0894399554193368,0.07383672332125946,0.10476455837280585,0.1277571466322477,0.10384833791337354,0.15155114439185505
v2_1,private,P5,WHAT_TYPE_WHERE vs WHAT_WHERE,0.0033435497353023758,-0.0036291446085261075,0.010587907495123953,0.013879154540725969,0.0023448951911404755,0.027658987416671332
v2_1,private,P6,TYPE_ONLY vs WHAT_ONLY,-0.23293396489272777,-0.251044859292282,-0.21510169963778214,-0.2580136499534324,-0.28352474903142544,-0.2330012317706166
v2_1,private,P7,ASSIGNMENT_PYRAMID vs WHAT_ONLY,-0.2301476734466425,-0.24825856784619665,-0.2128726664809139,-0.2679632973090942,-0.2938766633344146,-0.243110911460921
v2_1,private,P8,OCCURRENCE_TYPE_DISTRIBUTION vs TYPE_ONLY,-0.0016717748676511324,-0.013374198941209225,0.010030649205906905,-0.0071547728149474465,-0.018204187998343828,0.003832136909344695
