version,representation,dim,train_acc,train_f1,public_tta_acc,public_tta_f1,private_tta_acc,private_tta_f1,resub_gap_pub,resub_gap_priv
v1,REL_LOCAL,45,0.3244278797589606,0.22691574791847238,0.3293396489272778,0.22782019894779965,0.3259960991919755,0.22674441030590484,-0.004911769168317204,-0.0015682194330148835
v1,REL_MESO,45,0.3229300916089031,0.22978474162314438,0.32989690721649484,0.23482831730957976,0.3220952911674561,0.23187040318249602,-0.006966815607591714,0.0008348004414470145
v1,REL_FAR,45,0.3206659932425372,0.21720228376509607,0.32878239063806075,0.22033454239473663,0.3273892449150181,0.22297580389862137,-0.008116397395523556,-0.00672325167248089
v1,REL_ALL,135,0.39834198335016896,0.31242384230278814,0.3973251602117582,0.3014668103036081,0.39816104764558374,0.30542204084388697,0.0010168231384107829,0.00018093570458521668
v1,NODE_PLUS_LOCAL,621,0.6708000975303912,0.6580121491391574,0.588464753413207,0.5432424142860653,0.5951518528838117,0.5515210421710453,0.08233534411718413,0.07564824464657949
v1,NODE_PLUS_FAR,621,0.6677000243825978,0.6561573891777889,0.5853998328225133,0.5384808442918226,0.5940373363053776,0.5514968793190551,0.0823001915600845,0.0736626880772202
v1,NODE_PLUS_ALL,711,0.6743529903514577,0.6668384617289883,0.58790749512399,0.5437307803197903,0.5984954026191139,0.5544640788226763,0.0864454952274677,0.07585758773234375
v1,NODE_PLUS_GEOM_ONLY,594,0.6662022362325403,0.6542961407273017,0.5937587071607691,0.5506076310592244,0.5959877403176372,0.5517435190466137,0.0724435290717712,0.07021449591490303
v1,NODE_PLUS_CONTENT_ONLY,603,0.6647392803650424,0.6432172223704947,0.5898578991362496,0.5426481317378032,0.5976595151852884,0.5563202100807849,0.07488138122879273,0.067079765179754
v1,NODE_PLUS_DIRECTED,621,0.6647741126476018,0.6428168620669218,0.5867929785455559,0.5412225295514899,0.5976595151852884,0.558236277098426,0.07798113410204588,0.06711459746231341
v1,NODE_PLUS_SYMMETRIC,606,0.6648786094952802,0.6431100313846491,0.5870716076901644,0.5420074879156259,0.5973808860406798,0.5589581423565285,0.0778070018051158,0.06749772345460037
v2,REL_LOCAL,45,0.33748998571876415,0.2403879728927874,0.34159933129005293,0.2438944864028929,0.3307327946503204,0.2358425668822166,-0.0041093455712887805,0.006757191068443746
v2,REL_MESO,45,0.34504859103417046,0.25676705395609106,0.3563666759543048,0.2694249161437517,0.3324045695179716,0.24528200167435907,-0.011318084920134364,0.012644021516198867
v2,REL_FAR,45,0.34992511059249715,0.2526287568529077,0.34772917247144053,0.2560905032084024,0.33463360267483977,0.2436999928199417,0.0021959381210566176,0.015291507917657376
v2,REL_ALL,135,0.40631857605628896,0.32476345651533417,0.4140429088882697,0.3341549620851903,0.40094733909166896,0.31023829681236376,-0.0077243328319807625,0.0053712369646199964
v2,NODE_PLUS_LOCAL,621,0.67020794872688,0.650775618157625,0.5870716076901644,0.5478291886666046,0.5957091111730287,0.5607122134762014,0.08313634103671563,0.07449883755385134
v2,NODE_PLUS_FAR,621,0.6699989550315232,0.6476015260334096,0.5912510448592923,0.5487936335956669,0.5898578991362496,0.5524187324623625,0.07874791017223093,0.08014105589527354
v2,NODE_PLUS_ALL,711,0.6742484935037794,0.656405438981649,0.5895792699916411,0.5482718535110679,0.5934800780161605,0.5632330637700156,0.08466922351213824,0.08076841548761882
v2,NODE_PLUS_GEOM_ONLY,594,0.6663067330802187,0.6453531090362834,0.5926441905823349,0.5516795833344348,0.5920869322931178,0.5506714015334188,0.07366254249788384,0.07421980078710089
v2,NODE_PLUS_CONTENT_ONLY,603,0.6690236511198578,0.6482168854226092,0.5876288659793815,0.5501238115378682,0.5934800780161605,0.5601439360785863,0.08139478514047638,0.0755435731036973
v2,NODE_PLUS_DIRECTED,621,0.6685359991640252,0.6474167270686967,0.5940373363053776,0.5489768264015412,0.5898578991362496,0.5476543316127384,0.07449866285864759,0.07867810002777553
v2,NODE_PLUS_SYMMETRIC,606,0.6699292904664043,0.6480512994837074,0.5918083031485093,0.5475282396014494,0.5909724157146837,0.5512417792842716,0.07812098731789496,0.07895687475172053
v2_1,REL_LOCAL,45,0.33282245985579434,0.23363390553858482,0.3441069935915297,0.2367887878189922,0.3354694901086654,0.23201276821329314,-0.011284533735735347,-0.002647030252871052
v2_1,REL_MESO,45,0.332648298442997,0.23625635110260018,0.34299247701309554,0.2343792889989547,0.3293396489272778,0.2274465439316385,-0.010344178570098561,0.0033086495157191864
v2_1,REL_FAR,45,0.3429586540806019,0.24677826957834478,0.35553078852047926,0.2560488908569366,0.33741989412092505,0.24020708927668682,-0.01257213443987737,0.005538759959676842
v2_1,REL_ALL,135,0.4043331359503988,0.3154150820980041,0.40819169685149065,0.31729689781194165,0.4104207300083589,0.3191924464604971,-0.003858560901091823,-0.006087594057960055
v2_1,NODE_PLUS_LOCAL,621,0.6696506322059285,0.6520225796961064,0.5940373363053776,0.5524287322708552,0.5962663694622458,0.5542269347261393,0.07561329590055088,0.0733842627436827
v2_1,NODE_PLUS_FAR,621,0.6693023093803337,0.6510036038329863,0.5926441905823349,0.5502529269997897,0.5987740317637225,0.5508365294385105,0.07665811879799889,0.07052827761661129
v2_1,NODE_PLUS_ALL,711,0.6744923194816956,0.6586918967862733,0.5968236277514628,0.553268080510428,0.5973808860406798,0.5483962207656422,0.07766869173023283,0.07711143344101579
v2_1,NODE_PLUS_GEOM_ONLY,594,0.6671078755790867,0.6493690449690721,0.5918083031485093,0.556495280849378,0.5957091111730287,0.550316228174414,0.07529957243057739,0.07139876440605797
v2_1,NODE_PLUS_CONTENT_ONLY,603,0.6684315023163467,0.6497122734807422,0.5940373363053776,0.5527279216165929,0.5957091111730287,0.559812869787663,0.07439416601096915,0.07272239114331802
v2_1,NODE_PLUS_DIRECTED,621,0.6694068062280121,0.6518698635770078,0.5954304820284202,0.5508768928429967,0.5984954026191139,0.5571528411552628,0.07397632419959188,0.07091140360889814
v2_1,NODE_PLUS_SYMMETRIC,606,0.6674910306872409,0.6509384643685739,0.5915296740039008,0.5481183368300969,0.593201448871552,0.5521646825589156,0.07596135668334014,0.0742895818156889
