split,mask,tta_acc,tta_f1,delta_acc,delta_f1,motif_cosine,prediction_change_rate
public,FULL,0.6926720534967957,0.6705853330310662,0.0,0.0,1.0,0.0
public,LOCAL_R1,0.39648927277793256,0.2640996582778775,-0.29618278071886317,-0.40648567475318864,0.4786738455295563,0.5789913624965172
public,LOCAL_R2,0.5820562830872109,0.4938287895215243,-0.11061577040958481,-0.17675654350954184,0.7606735229492188,0.31930899972137083
public,LOCAL_MESO,0.6597938144329897,0.6290743665089993,-0.03287823906380605,-0.04151096652206687,0.9151282906532288,0.1571468375592087
public,NO_FAR,0.6597938144329897,0.6290743665089993,-0.03287823906380605,-0.04151096652206687,0.9151282906532288,0.1571468375592087
public,NO_LOCAL,0.6801337419894121,0.6616822521118014,-0.012538311507383604,-0.008903080919264728,0.9610440135002136,0.10782947896349958
public,FAR_ONLY,0.5260518250208972,0.4773032738386383,-0.16662022847589852,-0.19328205919242786,0.6781441569328308,0.4003900808024519
private,FULL,0.6993591529674004,0.6899949132342549,0.0,0.0,1.0,0.0
private,LOCAL_R1,0.38450821955976594,0.2491918613425223,-0.3148509334076344,-0.4408030518917326,0.48091474175453186,0.5867929785455559
private,LOCAL_R2,0.5767623293396489,0.494484106377785,-0.12259682362775148,-0.19551080685646988,0.7617243528366089,0.3282251323488437
private,LOCAL_MESO,0.6667595430482028,0.6532360386565143,-0.032599609919197525,-0.03675887457774063,0.9172515869140625,0.16522708275285594
private,NO_FAR,0.6667595430482028,0.6532360386565143,-0.032599609919197525,-0.03675887457774063,0.9172515869140625,0.16522708275285594
private,NO_LOCAL,0.6831986625801059,0.6764623630013651,-0.0161604903872945,-0.013532550232889795,0.9631615281105042,0.10532181666202285
private,FAR_ONLY,0.5196433546949011,0.4558297048450246,-0.17971579827249928,-0.23416520838923027,0.679654598236084,0.39537475619949847
