seed,k_type,mask_sha256,public_tta_acc,public_tta_f1,public_delta_acc,public_cosine,public_chg_rate,public_js_div,private_tta_acc,private_tta_f1,private_delta_acc,private_cosine,private_chg_rate,private_js_div
0,K24,c01cbfafb78f5adb6d73c395434421fd0f44d9c20c36467fb79fd184693c3259,0.6840345500139314,0.665535535533956,-0.008637503482864295,0.9695138931274414,0.08331011423794929,0.01116172969341278,0.6999164112566174,0.6913368660673722,0.0005572582892170441,0.9699318408966064,0.0738367233212594,0.010602054186165333
1,K24,5d5afb5dfd356b44f328934dff8c377450d34170766709899683c117e28a0ce7,0.6907216494845361,0.6710944897164526,-0.0019504040122596544,0.964201033115387,0.08331011423794929,0.012700085528194904,0.6929506826414042,0.6885156948166015,-0.006408470325996118,0.964658796787262,0.08609640568403455,0.012867102399468422
2,K24,ab9966732502a6ed9d48fbd7c2c853e05871a78f4c82e7a03535013a32770571,0.678461967121761,0.6565481664202822,-0.014210086375034736,0.966572642326355,0.08414600167177487,0.012761126272380352,0.6907216494845361,0.6854745989023446,-0.008637503482864295,0.9680403470993042,0.08414600167177487,0.012624766677618027
3,K24,56a87911ac4066bc985f300a5ac456d32a2c3775b6d89db9e527ed520a6cc57e,0.6829200334354973,0.6610713824306147,-0.009752020061298383,0.9690630435943604,0.0760657564781276,0.010770568624138832,0.6935079409306213,0.6883978945369549,-0.005851212036779074,0.9705241918563843,0.07662301476734466,0.010759370401501656
4,K24,25d5f89e07c8dfcc0e511b7a55b3e3d86d40177a9fdf9d2cb1ba9028109b834c,0.6806910002786292,0.6603600170599977,-0.01198105321816656,0.9700832962989807,0.07718027305656172,0.01079407799988985,0.694343828364447,0.686054241113205,-0.005015324602953397,0.9704012274742126,0.08135971022568961,0.010085237212479115
5,K24,d298e2b5df07c86a506ebc75ae87b08510f45e0dedaa6e17f0c705492cae5f99,0.6865422123154082,0.6589953827682811,-0.006129841181387485,0.9695118069648743,0.07690164391195319,0.011236051097512245,0.6968514906659237,0.6928892242153121,-0.0025076623014766986,0.9705802798271179,0.08108108108108109,0.010663517750799656
6,K24,edd1f9771b1260caa31714e598124bb6460383a224ef731a75fe001099bc0462,0.6873780997492338,0.6667834153782884,-0.005293953747561919,0.9699233770370483,0.07467261075508498,0.010406495071947575,0.7032599609919198,0.6972239327748061,0.00390080802451942,0.971980094909668,0.0791306770688214,0.010099143721163273
7,K24,3bab58c45093fb2e1d15db4841461f42c6584e0448604b8c9e09454d20c8e18c,0.6893285037614935,0.6684740904960748,-0.0033435497353022647,0.9716122150421143,0.0738367233212594,0.009503097273409367,0.7027027027027027,0.693931517632058,0.0033435497353023758,0.9721989631652832,0.07690164391195319,0.010199141688644886
8,K24,12adb2f76f25970db0207c899a4379c88e946ea9ce4056e4e5bad6bd57112030,0.6818055168570633,0.6585487833174334,-0.010866536639732471,0.9691458940505981,0.08498188910560045,0.012094170786440372,0.694901086653664,0.6859989533739155,-0.004458066313736353,0.9692085385322571,0.07940930621342993,0.01138546597212553
9,K24,f719b8f792b6d1df122682fefdf915f362eab21bd21a0843d6c6a2645cd91406,0.6893285037614935,0.6642850770111665,-0.0033435497353022647,0.9664592146873474,0.08721092226246865,0.012720953673124313,0.6910002786291446,0.6823096531484119,-0.008358874338255773,0.9682490825653076,0.08163833937029813,0.012546936050057411
10,K24,f1d476b05fac4ae108bc4964377ee556c2932f8e4886dc7cf4c607e06f7d2d17,0.6876567288938423,0.671838315481408,-0.005015324602953397,0.9694502353668213,0.08135971022568961,0.0108723733574152,0.6993591529674004,0.6871364863334175,0.0,0.9712260961532593,0.07467261075508498,0.010482342913746834
11,K24,8b85850021504b541eacc9fb40be1b10b64d6c6f1fe41a1ea3472243ccfcce1b,0.6834772917247144,0.6612017304595389,-0.009194761772081339,0.9711486101150513,0.07745890220117024,0.010457376949489117,0.6988018946781833,0.6889977031512174,-0.0005572582892170441,0.9719724655151367,0.07300083588743382,0.009884845465421677
12,K24,c77ef849b33a5c91c58af5ba2c345619d05f63f0d4b99eb7978f9ac6f00bf3ef,0.6851490665923655,0.6704995171562355,-0.007522986904430207,0.9703729152679443,0.07355809417665088,0.0106407031416893,0.6999164112566174,0.6927317725625234,0.0005572582892170441,0.9709914326667786,0.07857341877960435,0.010487361811101437
13,K24,a88730f09ae2b7d24cd1c796e81ec7affffa54372af648227c2feccb889366a8,0.6773474505433268,0.6582552786269311,-0.015324602953468935,0.9672552347183228,0.07857341877960435,0.012035585939884186,0.6965728615213151,0.6868041226612976,-0.0027862914460852206,0.9692128300666809,0.08163833937029813,0.011302190832793713
14,K24,7906bf02fc49f6c4cf89b567a8e95acf088ab23968fc851a5db5ac4cadb5b605,0.6859849540261911,0.6664427257531317,-0.0066870994706046405,0.97077876329422,0.0749512398996935,0.009992360137403011,0.6962942323767066,0.6869759378816465,-0.0030649205906937427,0.9716660976409912,0.07132906101978267,0.009953721426427364
15,K24,b01a64afb5073d0ef63103a1d5caa876f28af7d9a0dfc92dc4bd37dca3d2ee7c,0.6862635831707997,0.6662192630287003,-0.006408470325996007,0.9690240025520325,0.07885204792421287,0.011397496797144413,0.694901086653664,0.6860685750661879,-0.004458066313736353,0.9694192409515381,0.07690164391195319,0.011503199115395546
16,K24,e4d6233d94b7c81daccc51880e25d0018aebe040bde3a19a75452221b2f8f2fd,0.6862635831707997,0.6636776440643972,-0.006408470325996007,0.9680696129798889,0.0855391473948175,0.012008623220026493,0.6935079409306213,0.6893721522759261,-0.005851212036779074,0.9694505929946899,0.0791306770688214,0.011565040796995163
17,K24,c4f12ac506739d15c1f3e9af794bf1fa4dcdd4880325849e4c2beca472af032d,0.685427695736974,0.6572676628653126,-0.007244357759821685,0.9705960154533386,0.07550849818891056,0.010374774225056171,0.6979660072443578,0.6863918245468044,-0.0013931457230426103,0.9722797870635986,0.0760657564781276,0.009718026965856552
18,K24,63c5fe18bef063758a345d3bccbf11da7470fd77ce18cbb3962939e7c905523f,0.6834772917247144,0.6632943434890342,-0.009194761772081339,0.9685369729995728,0.07439398161047646,0.0111464262008667,0.6971301198105322,0.6921945743567864,-0.0022290331568681765,0.969652533531189,0.08414600167177487,0.011468937620520592
19,K24,f760097ca309e678f25a49362de1418abcce7a7eb3c94b6f14daa1d81f92dfe9,0.6834772917247144,0.6638359343120531,-0.009194761772081339,0.9719573855400085,0.07634438562273614,0.00995559711009264,0.70130955697966,0.6933194403798113,0.0019504040122596544,0.9738715887069702,0.06798551128448035,0.009439918212592602
0,LAYERWISE,310883b7b1144eaa,0.6447478406241293,0.5932910640759729,-0.04792421287266646,0.8629849553108215,0.2084146001671775,0.05500089377164841,0.651992198383951,0.6105048296301974,-0.04736695458344942,0.8647916316986084,0.20423516299804959,0.05543634667992592
1,LAYERWISE,bae367d47038ca42,0.6556143772638618,0.6211110345962203,-0.03705767623293388,0.8730113506317139,0.19225410977988297,0.047307610511779785,0.6600724435775982,0.6276786596790549,-0.039286709389802166,0.8724479675292969,0.18194483142936752,0.046526238322257996
2,LAYERWISE,d39108768fb6e414,0.6486486486486487,0.6092097747475614,-0.04402340484814704,0.8741540312767029,0.19002507662301477,0.04925985634326935,0.6567288938422959,0.6279361082999008,-0.04263025912510443,0.8780623078346252,0.18779604346614656,0.048998601734638214
3,LAYERWISE,dc248c4588e75f09,0.6492059069378657,0.6168665692067616,-0.04346614655893,0.8707836866378784,0.20061298411813877,0.0505598708987236,0.6461409863471719,0.6173600720881021,-0.05321816662022849,0.8757180571556091,0.1986625801058791,0.049343835562467575
4,LAYERWISE,7f9438f64fb50a6f,0.6478127612148231,0.6012106090325645,-0.04485929228197261,0.8583462238311768,0.1958762886597938,0.054287586361169815,0.6494845360824743,0.6152764196048952,-0.049874616884926115,0.863044798374176,0.19838395096127054,0.05438881367444992
5,LAYERWISE,351dbccc825609bd,0.6439119531903037,0.5932093863845055,-0.04876010030649203,0.8516548871994019,0.20423516299804959,0.05766358971595764,0.6475341320702146,0.6049737139365715,-0.05182502089718577,0.8562248945236206,0.20284201727500697,0.057200297713279724
6,LAYERWISE,7f1fa33b996bbaaf,0.6478127612148231,0.6110803039194158,-0.04485929228197261,0.8648419380187988,0.19615491780440233,0.05211664363741875,0.6522708275285595,0.6204172989309552,-0.047088325438840894,0.8628758788108826,0.20590693786570075,0.05404303967952728
7,LAYERWISE,368fbee9e89eef37,0.6386179994427417,0.5951073313756414,-0.05405405405405406,0.8558911681175232,0.20869322931178602,0.058019399642944336,0.6458623572025634,0.6044243681174188,-0.05349679576483701,0.8590432405471802,0.20367790470883254,0.05903767794370651
8,LAYERWISE,c439dc564900a22e,0.647255502925606,0.6134728208909639,-0.04541655057118976,0.8659640550613403,0.1936472555029256,0.050692372024059296,0.6536639732516021,0.6213048398074141,-0.045695179715798284,0.8703125715255737,0.19225410977988297,0.05180952325463295
9,LAYERWISE,7140c92afffd5674,0.647255502925606,0.6111468120952264,-0.04541655057118976,0.8753364682197571,0.18500975202006129,0.04705534130334854,0.6617442184452493,0.6316277278059224,-0.03761493452215103,0.8782837390899658,0.17497910281415435,0.045174408704042435
10,LAYERWISE,dcad87bce097ddae,0.6358317079966564,0.5870906980187284,-0.05684034550013928,0.840836763381958,0.22624686542212316,0.06147739291191101,0.6536639732516021,0.6140488116822975,-0.045695179715798284,0.8431535363197327,0.2256896071329061,0.06345677375793457
11,LAYERWISE,3eddcec710a22d8e,0.6542212315408191,0.6215765679298118,-0.0384508219559766,0.8709118366241455,0.18138757314015047,0.048724234104156494,0.6600724435775982,0.6214127148402652,-0.039286709389802166,0.8708691596984863,0.19002507662301477,0.04939931631088257
12,LAYERWISE,6d173bc6694fe258,0.6433546949010867,0.6047269247663758,-0.04931735859570907,0.8609066009521484,0.20618556701030927,0.054432377219200134,0.6478127612148231,0.6161654528346207,-0.05154639175257725,0.8646419048309326,0.20618556701030927,0.05466490611433983
13,LAYERWISE,89be3c15452b8bde,0.6494845360824743,0.6086588783128445,-0.043187517414321475,0.870149552822113,0.1947617720813597,0.05089118331670761,0.6553357481192533,0.6251217430583338,-0.04402340484814704,0.8738852739334106,0.18974644747840624,0.05011158809065819
14,LAYERWISE,778eeb9e28e94db1,0.6478127612148231,0.6124070931009474,-0.04485929228197261,0.8710931539535522,0.19002507662301477,0.04999968037009239,0.6589579269991641,0.6218453606141415,-0.040401225968236254,0.8742156624794006,0.18194483142936752,0.04840567335486412
15,LAYERWISE,375eca8ce63fe5af,0.6494845360824743,0.6092575646811377,-0.043187517414321475,0.8696087598800659,0.1986625801058791,0.05210256949067116,0.6547784898300362,0.6181710602795217,-0.044580663137364196,0.872001588344574,0.18528838116466984,0.04915357381105423
16,LAYERWISE,8233734caca4cbc4,0.6475341320702146,0.60491636299772,-0.04513792142658113,0.8658971786499023,0.2008916132627473,0.05181896686553955,0.6492059069378657,0.6075656749856908,-0.05015324602953464,0.8667387962341309,0.20423516299804959,0.05202265828847885
17,LAYERWISE,381915bd304def4a,0.6461409863471719,0.6076182153133828,-0.04653106714962385,0.8699573278427124,0.19420451379214265,0.04974577948451042,0.6536639732516021,0.6204767268384404,-0.045695179715798284,0.8719067573547363,0.19308999721370856,0.04910225421190262
18,LAYERWISE,cfebe545117355fa,0.6489272777932572,0.6064062123560484,-0.04374477570353852,0.8626981377601624,0.20367790470883254,0.05206037685275078,0.6634159933129006,0.6335871910945173,-0.03594315965449979,0.8637984991073608,0.1989412092504876,0.052980393171310425
19,LAYERWISE,22e8485893974c84,0.6422401783226526,0.5962631578306314,-0.05043187517414316,0.8565119504928589,0.20395653385344106,0.057309724390506744,0.6489272777932572,0.6130250785756065,-0.05043187517414316,0.8577146530151367,0.2053496795764837,0.05647822469472885
