split,condition,tta_acc,delta_acc
public,DYNAMIC_TOPK,0.6915575369183616,-0.0011145165784340882
public,STATIC_GEOMETRIC_NEAREST,0.6427974366118696,-0.049874616884926115
public,STATIC_GEOMETRIC_FARTHEST,0.5748119253273892,-0.1178601281694065
public,STATIC_RANDOM,0.6857063248815826,-0.0069657286152131626
public,TRAIN_MEAN_TOPK,0.5820562830872109,-0.11061577040958481
private,DYNAMIC_TOPK,0.6990805238227918,-0.00027862914460852206
private,STATIC_GEOMETRIC_NEAREST,0.653106714962385,-0.04625243800501533
private,STATIC_GEOMETRIC_FARTHEST,0.5586514349400947,-0.14070771802730564
private,STATIC_RANDOM,0.6993591529674004,0.0
private,TRAIN_MEAN_TOPK,0.5764837001950404,-0.12287545277236
