version,split,condition,raw_acc,raw_f1,tta_acc,tta_f1,delta_acc,delta_f1,motif_cosine,prediction_change_rate,js_divergence
v2_1,public,FULL,0.674282529952633,0.6489794413322919,0.6926720534967957,0.6705853330310662,0.0,0.0,1.0,0.0,0.0
v2_1,public,TOPK_4,0.6675954304820284,0.6458684234618265,0.684870437447757,0.6619732248962719,-0.007801616049038729,-0.008612108134794294,0.9800469875335693,0.061298411813875735,0.007602862548083067
v2_1,public,TOPK_8,0.6740039008080245,0.6498989220936116,0.6904430203399275,0.6698419266033986,-0.0022290331568681765,-0.00074340642766757,0.9932692050933838,0.03538590136528281,0.002686516148969531
v2_1,public,TOPK_12,0.6723321259403734,0.6460872927879807,0.6935079409306213,0.6725370634590434,0.0008358874338255662,0.0019517304279772496,0.9971318244934082,0.024519364725550292,0.001166803645901382
v2_1,public,TOPK_16,0.6717748676511563,0.6473931299092675,0.6912789077737531,0.6691305536397173,-0.0013931457230426103,-0.0014547793913488594,0.998650074005127,0.016717748676511563,0.0005538673722185194
v2_1,public,TOPK_24,0.6734466425188075,0.6478120011882512,0.6915575369183616,0.6695923684771957,-0.0011145165784340882,-0.0009929645538704346,0.9996767640113831,0.008637503482864307,0.00012983537453692406
v2_1,public,TRAIN_SELECTED_LAYERWISE_K,0.6717748676511563,0.6489339897000629,0.6926720534967957,0.6707896323378159,0.0,0.0002042993067497001,0.9957714676856995,0.029534689328503762,0.0017307193484157324
v2_1,public,TRAIN_SELECTED_SINGLE_K,0.6734466425188075,0.6478120011882512,0.6915575369183616,0.6695923684771957,-0.0011145165784340882,-0.0009929645538704346,0.9996767640113831,0.008637503482864307,0.00012983537453692406
v2_1,private,FULL,0.6820841460016718,0.6733310491293023,0.6993591529674004,0.6899949132342549,0.0,0.0,1.0,0.0,0.0
v2_1,private,TOPK_4,0.6714962385065478,0.6586651545680807,0.6923934243521872,0.6794346918558558,-0.0069657286152131626,-0.01056022137839907,0.979293704032898,0.06575647812761215,0.008596638217568398
v2_1,private,TOPK_8,0.6798551128448036,0.6718100730149003,0.6951797157982725,0.6844586172242622,-0.004179437169127831,-0.005536296009992725,0.9930108785629272,0.03845082195597659,0.0031203250400722027
v2_1,private,TOPK_12,0.6806910002786292,0.6716947021051212,0.6976873780997492,0.6879415107444646,-0.0016717748676511324,-0.002053402489790246,0.9970130324363708,0.02396210643633324,0.001368347555398941
v2_1,private,TOPK_16,0.6815268877124547,0.671687934140759,0.6988018946781833,0.6893800873310868,-0.0005572582892170441,-0.0006148259031680814,0.9986039996147156,0.01783226525494567,0.0006414988311007619
v2_1,private,TOPK_24,0.6834772917247144,0.6736160404872621,0.6990805238227918,0.6898180538805716,-0.00027862914460852206,-0.00017685935368327854,0.9996740221977234,0.00780161604903873,0.00014852153253741562
v2_1,private,TRAIN_SELECTED_LAYERWISE_K,0.6806910002786292,0.6705347913312274,0.6988018946781833,0.6898134831099085,-0.0005572582892170441,-0.00018143012434634898,0.9956232905387878,0.02869880189467818,0.0020089366007596254
v2_1,private,TRAIN_SELECTED_SINGLE_K,0.6834772917247144,0.6736160404872621,0.6990805238227918,0.6898180538805716,-0.00027862914460852206,-0.00017685935368327854,0.9996740221977234,0.00780161604903873,0.00014852153253741562
