version,layer,K,mean,median,p10,p25,p75,p90
v2_1,layer_1,4,0.7773759365081787,0.8092910051345825,0.5367609858512878,0.6670892238616943,0.9143490791320801,0.9667342305183411
v2_1,layer_1,8,0.9049805402755737,0.9426941871643066,0.7550870180130005,0.8601293563842773,0.9827598333358765,0.9953522682189941
v2_1,layer_1,12,0.9511511921882629,0.9785779714584351,0.8627016544342041,0.9345681071281433,0.9948878288269043,0.998884916305542
v2_1,layer_1,16,0.9727398753166199,0.9910554885864258,0.9209231734275818,0.967509388923645,0.9981847405433655,0.9996554851531982
v2_1,layer_1,24,0.9907412528991699,0.9982075691223145,0.9736390113830566,0.9914565682411194,0.999717652797699,0.9999574422836304
v2_1,layer_1,32,0.9970324635505676,0.9996641874313354,0.9922133088111877,0.9979544281959534,0.999958872795105,0.9999951124191284
v2_1,layer_2,4,0.6890596747398376,0.7050158381462097,0.4175929129123688,0.5437349677085876,0.849774956703186,0.9368952512741089
v2_1,layer_2,8,0.8381637930870056,0.8770470023155212,0.6231058835983276,0.7494161128997803,0.9579648971557617,0.9885032176971436
v2_1,layer_2,12,0.9030033946037292,0.9407324194908142,0.7478581070899963,0.8525270223617554,0.9841781258583069,0.9965953230857849
v2_1,layer_2,16,0.9385495185852051,0.9692746996879578,0.8295641541481018,0.9105676412582397,0.9931247234344482,0.9987228512763977
v2_1,layer_2,24,0.9744029641151428,0.9911351799964905,0.9245004057884216,0.9670196771621704,0.9984508156776428,0.9997631311416626
v2_1,layer_2,32,0.9902513027191162,0.9976598024368286,0.9708986282348633,0.9893198013305664,0.9996602535247803,0.9999555349349976
v2_1,layer_3,4,0.6395986676216125,0.6379015445709229,0.3515428304672241,0.4683631658554077,0.8177101016044617,0.9369007349014282
v2_1,layer_3,8,0.7936166524887085,0.8252980709075928,0.5463956594467163,0.6745709180831909,0.9406353831291199,0.9885870218276978
v2_1,layer_3,12,0.8685708045959473,0.9070804119110107,0.676078200340271,0.7918072938919067,0.9759835004806519,0.9967953562736511
v2_1,layer_3,16,0.9129438996315002,0.9486402273178101,0.7681936025619507,0.8649793863296509,0.9893435835838318,0.9988884329795837
v2_1,layer_3,24,0.961184024810791,0.9842256307601929,0.8861510753631592,0.9447553157806396,0.9977341890335083,0.9998350143432617
v2_1,layer_3,32,0.9843154549598694,0.9958335757255554,0.9516376256942749,0.9805763959884644,0.9995779395103455,0.9999772310256958
v2_1,layer_4,4,0.6718900203704834,0.6892273426055908,0.3458099067211151,0.48468759655952454,0.8780828714370728,0.9700510501861572
v2_1,layer_4,8,0.8108458518981934,0.8623453378677368,0.5367025136947632,0.6870459318161011,0.9679442644119263,0.995800256729126
v2_1,layer_4,12,0.8766278624534607,0.9294173121452332,0.6642798781394958,0.7987498641014099,0.988183856010437,0.9989250898361206
v2_1,layer_4,16,0.9158360362052917,0.9610452651977539,0.755918025970459,0.8674572706222534,0.9949003458023071,0.9996401071548462
v2_1,layer_4,24,0.9600819945335388,0.987420916557312,0.8757503032684326,0.9433197975158691,0.9988545179367065,0.9999451637268066
v2_1,layer_4,32,0.9828370809555054,0.9963077306747437,0.9448958039283752,0.9788496494293213,0.9997490048408508,0.9999911189079285
v2_1,layer_5,4,0.5783475041389465,0.5593664646148682,0.2972189784049988,0.3994477093219757,0.751131534576416,0.8994925022125244
v2_1,layer_5,8,0.7397849559783936,0.7578072547912598,0.4790743589401245,0.5994186997413635,0.8992031216621399,0.9723349213600159
v2_1,layer_5,12,0.8258532285690308,0.8574024438858032,0.6091762781143188,0.7247518301010132,0.9526093006134033,0.9899683594703674
v2_1,layer_5,16,0.8800010085105896,0.9138033390045166,0.7074940204620361,0.8096414804458618,0.976337730884552,0.9958961009979248
v2_1,layer_5,24,0.9430096745491028,0.969014585018158,0.8441421389579773,0.9125961065292358,0.9938730001449585,0.999250590801239
v2_1,layer_5,32,0.9757808446884155,0.9904872179031372,0.9284555912017822,0.965684175491333,0.9986385107040405,0.9998823404312134
v2,layer_1,4,0.7656086683273315,0.7936191558837891,0.5236916542053223,0.6510978937149048,0.9053665399551392,0.9631597995758057
v2,layer_1,8,0.896109938621521,0.9333399534225464,0.738200843334198,0.8448676466941833,0.9799382090568542,0.994907796382904
v2,layer_1,12,0.9448626041412354,0.9734957814216614,0.8477708697319031,0.9233052730560303,0.9938071370124817,0.9987759590148926
v2,layer_1,16,0.9684905409812927,0.9883320331573486,0.9094653725624084,0.960259735584259,0.9976987838745117,0.9996123313903809
v2,layer_1,24,0.9890134334564209,0.9975213408470154,0.9683293104171753,0.9889744520187378,0.9996168613433838,0.9999485015869141
v2,layer_1,32,0.9964295625686646,0.999523401260376,0.9903342723846436,0.9972802996635437,0.9999422430992126,0.9999938011169434
v2,layer_2,4,0.6326867938041687,0.6285311579704285,0.36366260051727295,0.4705999195575714,0.7994038462638855,0.9129157066345215
v2,layer_2,8,0.7913032174110413,0.8167815804481506,0.5613297820091248,0.6762756705284119,0.929836630821228,0.9799160361289978
v2,layer_2,12,0.8679504990577698,0.8995348811149597,0.6909670829772949,0.7927558422088623,0.9690581560134888,0.9929181337356567
v2,layer_2,16,0.9132277965545654,0.9426255226135254,0.7817387580871582,0.8655285835266113,0.9848736524581909,0.9970089197158813
v2,layer_2,24,0.9621253609657288,0.980961799621582,0.8956452012062073,0.9447416067123413,0.9960091710090637,0.9993537068367004
v2,layer_2,32,0.9851304292678833,0.9944272041320801,0.956844687461853,0.9803398847579956,0.9990338087081909,0.9998652338981628
v2,layer_3,4,0.6490486264228821,0.6540238857269287,0.34042519330978394,0.46735072135925293,0.8435206413269043,0.9520980715751648
v2,layer_3,8,0.798521876335144,0.8391073346138,0.5345631241798401,0.6746156215667725,0.9542346000671387,0.9923808574676514
v2,layer_3,12,0.8711925148963928,0.9169666767120361,0.6660313010215759,0.7929182648658752,0.9830801486968994,0.9981593489646912
v2,layer_3,16,0.9143949151039124,0.9553524255752563,0.760648250579834,0.8670082092285156,0.9930281639099121,0.9994509220123291
v2,layer_3,24,0.9616022109985352,0.9869894981384277,0.8826901912689209,0.9471142292022705,0.9986933469772339,0.9999372959136963
v2,layer_3,32,0.9842972755432129,0.9966710209846497,0.9504352807998657,0.9817582368850708,0.9997746348381042,0.999992847442627
v2,layer_4,4,0.5595405697822571,0.5288995504379272,0.2677263021469116,0.36419105529785156,0.7479661107063293,0.9142860770225525
v2,layer_4,8,0.7168324589729309,0.727609395980835,0.4394288957118988,0.5577048659324646,0.8965833783149719,0.9781211018562317
v2,layer_4,12,0.8039554357528687,0.8326380848884583,0.5671356916427612,0.6846519708633423,0.9504399299621582,0.9924967885017395
v2,layer_4,16,0.8607823848724365,0.8949960470199585,0.6671492457389832,0.7742936015129089,0.9747498631477356,0.9970672130584717
v2,layer_4,24,0.9297593832015991,0.9591115713119507,0.8121207356452942,0.8886145353317261,0.9931026697158813,0.999483585357666
v2,layer_4,32,0.9679200649261475,0.9859949350357056,0.9074183106422424,0.9520680904388428,0.998285710811615,0.9999107718467712
v2,layer_5,4,0.5700413584709167,0.5489329099655151,0.26921525597572327,0.3730294108390808,0.7628003358840942,0.9142360091209412
v2,layer_5,8,0.7278224229812622,0.7482250928878784,0.4422570765018463,0.5684613585472107,0.9083573222160339,0.9798949956893921
v2,layer_5,12,0.8131631016731262,0.8496871590614319,0.571040689945221,0.6954678297042847,0.9582560658454895,0.9934353232383728
v2,layer_5,16,0.8681724667549133,0.9081201553344727,0.6715830564498901,0.7845579385757446,0.9795888662338257,0.997536838054657
v2,layer_5,24,0.9343970417976379,0.9661180973052979,0.8168608546257019,0.8967432379722595,0.9949235916137695,0.9996092319488525
v2,layer_5,32,0.9705723524093628,0.9892101287841797,0.9113595485687256,0.9573050737380981,0.9988746643066406,0.9999420642852783
