review_id,reviewer_perceived_class,confidence,image_quality,pose_issue,occlusion_issue,crop_alignment_issue,expression_intensity,multiple_emotion_plausible,notes
REV_001,,,,,,,,,
REV_002,,,,,,,,,
REV_003,,,,,,,,,
REV_004,,,,,,,,,
REV_005,,,,,,,,,
REV_006,,,,,,,,,
REV_007,,,,,,,,,
REV_008,,,,,,,,,
REV_009,,,,,,,,,
REV_010,,,,,,,,,
REV_011,,,,,,,,,
REV_012,,,,,,,,,
REV_013,,,,,,,,,
REV_014,,,,,,,,,
REV_015,,,,,,,,,
REV_016,,,,,,,,,
REV_017,,,,,,,,,
REV_018,,,,,,,,,
REV_019,,,,,,,,,
REV_020,,,,,,,,,
REV_021,,,,,,,,,
REV_022,,,,,,,,,
REV_023,,,,,,,,,
REV_024,,,,,,,,,
REV_025,,,,,,,,,
REV_026,,,,,,,,,
REV_027,,,,,,,,,
REV_028,,,,,,,,,
REV_029,,,,,,,,,
REV_030,,,,,,,,,
REV_031,,,,,,,,,
REV_032,,,,,,,,,
REV_033,,,,,,,,,
REV_034,,,,,,,,,
REV_035,,,,,,,,,
REV_036,,,,,,,,,
REV_037,,,,,,,,,
REV_038,,,,,,,,,
REV_039,,,,,,,,,
REV_040,,,,,,,,,
REV_041,,,,,,,,,
REV_042,,,,,,,,,
REV_043,,,,,,,,,
REV_044,,,,,,,,,
REV_045,,,,,,,,,
REV_046,,,,,,,,,
REV_047,,,,,,,,,
REV_048,,,,,,,,,
REV_049,,,,,,,,,
REV_050,,,,,,,,,
REV_051,,,,,,,,,
REV_052,,,,,,,,,
REV_053,,,,,,,,,
REV_054,,,,,,,,,
REV_055,,,,,,,,,
REV_056,,,,,,,,,
REV_057,,,,,,,,,
REV_058,,,,,,,,,
REV_059,,,,,,,,,
REV_060,,,,,,,,,
REV_061,,,,,,,,,
REV_062,,,,,,,,,
REV_063,,,,,,,,,
REV_064,,,,,,,,,
REV_065,,,,,,,,,
REV_066,,,,,,,,,
REV_067,,,,,,,,,
REV_068,,,,,,,,,
REV_069,,,,,,,,,
REV_070,,,,,,,,,
REV_071,,,,,,,,,
REV_072,,,,,,,,,
REV_073,,,,,,,,,
REV_074,,,,,,,,,
REV_075,,,,,,,,,
REV_076,,,,,,,,,
REV_077,,,,,,,,,
REV_078,,,,,,,,,
REV_079,,,,,,,,,
REV_080,,,,,,,,,
REV_081,,,,,,,,,
REV_082,,,,,,,,,
REV_083,,,,,,,,,
REV_084,,,,,,,,,
REV_085,,,,,,,,,
REV_086,,,,,,,,,
REV_087,,,,,,,,,
REV_088,,,,,,,,,
REV_089,,,,,,,,,
REV_090,,,,,,,,,
REV_091,,,,,,,,,
REV_092,,,,,,,,,
REV_093,,,,,,,,,
REV_094,,,,,,,,,
REV_095,,,,,,,,,
REV_096,,,,,,,,,
REV_097,,,,,,,,,
REV_098,,,,,,,,,
REV_099,,,,,,,,,
REV_100,,,,,,,,,
REV_101,,,,,,,,,
REV_102,,,,,,,,,
REV_103,,,,,,,,,
REV_104,,,,,,,,,
REV_105,,,,,,,,,
REV_106,,,,,,,,,
REV_107,,,,,,,,,
REV_108,,,,,,,,,
REV_109,,,,,,,,,
REV_110,,,,,,,,,
REV_111,,,,,,,,,
REV_112,,,,,,,,,
REV_113,,,,,,,,,
REV_114,,,,,,,,,
REV_115,,,,,,,,,
REV_116,,,,,,,,,
REV_117,,,,,,,,,
REV_118,,,,,,,,,
REV_119,,,,,,,,,
REV_120,,,,,,,,,
REV_121,,,,,,,,,
REV_122,,,,,,,,,
REV_123,,,,,,,,,
REV_124,,,,,,,,,
REV_125,,,,,,,,,
REV_126,,,,,,,,,
REV_127,,,,,,,,,
REV_128,,,,,,,,,
REV_129,,,,,,,,,
REV_130,,,,,,,,,
REV_131,,,,,,,,,
REV_132,,,,,,,,,
REV_133,,,,,,,,,
REV_134,,,,,,,,,
REV_135,,,,,,,,,
REV_136,,,,,,,,,
REV_137,,,,,,,,,
REV_138,,,,,,,,,
REV_139,,,,,,,,,
REV_140,,,,,,,,,
REV_141,,,,,,,,,
REV_142,,,,,,,,,
REV_143,,,,,,,,,
REV_144,,,,,,,,,
REV_145,,,,,,,,,
REV_146,,,,,,,,,
REV_147,,,,,,,,,
REV_148,,,,,,,,,
REV_149,,,,,,,,,
REV_150,,,,,,,,,
REV_151,,,,,,,,,
REV_152,,,,,,,,,
REV_153,,,,,,,,,
REV_154,,,,,,,,,
REV_155,,,,,,,,,
REV_156,,,,,,,,,
REV_157,,,,,,,,,
REV_158,,,,,,,,,
REV_159,,,,,,,,,
REV_160,,,,,,,,,
REV_161,,,,,,,,,
REV_162,,,,,,,,,
REV_163,,,,,,,,,
REV_164,,,,,,,,,
REV_165,,,,,,,,,
REV_166,,,,,,,,,
REV_167,,,,,,,,,
REV_168,,,,,,,,,
REV_169,,,,,,,,,
REV_170,,,,,,,,,
REV_171,,,,,,,,,
REV_172,,,,,,,,,
REV_173,,,,,,,,,
REV_174,,,,,,,,,
REV_175,,,,,,,,,
REV_176,,,,,,,,,
REV_177,,,,,,,,,
REV_178,,,,,,,,,
REV_179,,,,,,,,,
REV_180,,,,,,,,,
REV_181,,,,,,,,,
REV_182,,,,,,,,,
REV_183,,,,,,,,,
REV_184,,,,,,,,,
REV_185,,,,,,,,,
REV_186,,,,,,,,,
REV_187,,,,,,,,,
REV_188,,,,,,,,,
REV_189,,,,,,,,,
REV_190,,,,,,,,,
REV_191,,,,,,,,,
REV_192,,,,,,,,,
REV_193,,,,,,,,,
REV_194,,,,,,,,,
REV_195,,,,,,,,,
REV_196,,,,,,,,,
REV_197,,,,,,,,,
REV_198,,,,,,,,,
REV_199,,,,,,,,,
REV_200,,,,,,,,,
