review_id,sample_bucket,split,row_index,dataset_label,dataset_class,v1_pred,v1_pred_class,v1_conf,v2_pred,v2_pred_class,v2_conf,v21_pred,v21_pred_class,v21_conf,v22_pred,v22_pred_class,v22_conf,category,has_exact_train_duplicate,train_duplicate_label_conflict
REV_001,B_mixed_error,private,616,6,Neutral,0,Angry,0.6634,4,Sad,0.7541,4,Sad,0.4856,4,Sad,0.9146,ALL_WRONG_MIXED_LABEL,False,False
REV_002,B_mixed_error,private,156,0,Angry,1,Disgust,0.7763,2,Fear,0.8279,5,Surprise,0.4809,5,Surprise,0.3684,ALL_WRONG_MIXED_LABEL,False,False
REV_003,A_high_conf_error,private,1533,4,Sad,6,Neutral,0.9488,6,Neutral,0.9327,6,Neutral,0.9376,6,Neutral,0.9385,HIGH_CONFIDENCE_ALL_WRONG_SAME_LABEL,False,False
REV_004,D_all_correct_control,public,154,5,Surprise,5,Surprise,0.9512,5,Surprise,0.9374,5,Surprise,0.9607,5,Surprise,0.952,ALL_CORRECT,False,False
REV_005,B_mixed_error,private,1053,0,Angry,6,Neutral,0.8437,4,Sad,0.8576,4,Sad,0.5814,4,Sad,0.8884,ALL_WRONG_MIXED_LABEL,False,False
REV_006,D_all_correct_control,public,1902,4,Sad,4,Sad,0.757,4,Sad,0.8608,4,Sad,0.9439,4,Sad,0.9333,ALL_CORRECT,False,False
REV_007,A_high_conf_error,private,381,6,Neutral,5,Surprise,0.9635,5,Surprise,0.8927,5,Surprise,0.8226,5,Surprise,0.7514,HIGH_CONFIDENCE_ALL_WRONG_SAME_LABEL,False,False
REV_008,D_all_correct_control,private,1624,4,Sad,4,Sad,0.9498,4,Sad,0.6922,4,Sad,0.5197,4,Sad,0.9286,ALL_CORRECT,False,False
REV_009,D_all_correct_control,public,2827,4,Sad,4,Sad,0.596,4,Sad,0.6761,4,Sad,0.8621,4,Sad,0.4414,ALL_CORRECT,False,False
REV_010,A_high_conf_error,public,1952,3,Happy,6,Neutral,0.9126,6,Neutral,0.889,6,Neutral,0.4857,6,Neutral,0.9548,HIGH_CONFIDENCE_ALL_WRONG_SAME_LABEL,False,False
REV_011,C_model_disagreement,public,2293,4,Sad,2,Fear,0.5402,2,Fear,0.8252,2,Fear,0.804,4,Sad,0.5607,SPLIT_DECISION,False,False
REV_012,C_model_disagreement,private,1349,5,Surprise,1,Disgust,0.4659,1,Disgust,0.5419,5,Surprise,0.4652,0,Angry,0.6391,SPLIT_DECISION,False,False
REV_013,C_model_disagreement,public,2424,3,Happy,5,Surprise,0.4954,3,Happy,0.8531,3,Happy,0.6437,5,Surprise,0.8553,SPLIT_DECISION,False,False
REV_014,A_high_conf_error,private,3022,4,Sad,3,Happy,0.9567,3,Happy,0.9247,3,Happy,0.9556,3,Happy,0.947,HIGH_CONFIDENCE_ALL_WRONG_SAME_LABEL,False,False
REV_015,D_all_correct_control,public,784,0,Angry,0,Angry,0.9639,0,Angry,0.9645,0,Angry,0.9523,0,Angry,0.96,ALL_CORRECT,False,False
REV_016,B_mixed_error,private,1953,4,Sad,6,Neutral,0.5115,0,Angry,0.5604,0,Angry,0.6995,6,Neutral,0.675,ALL_WRONG_MIXED_LABEL,False,False
REV_017,A_high_conf_error,private,851,2,Fear,4,Sad,0.9036,4,Sad,0.857,4,Sad,0.911,4,Sad,0.9367,HIGH_CONFIDENCE_ALL_WRONG_SAME_LABEL,False,False
REV_018,B_mixed_error,public,2663,2,Fear,4,Sad,0.3556,6,Neutral,0.7257,6,Neutral,0.7441,6,Neutral,0.3434,ALL_WRONG_MIXED_LABEL,False,False
REV_019,B_mixed_error,private,1788,0,Angry,4,Sad,0.403,6,Neutral,0.6898,6,Neutral,0.7548,4,Sad,0.7881,ALL_WRONG_MIXED_LABEL,False,False
REV_020,B_mixed_error,private,1064,1,Disgust,3,Happy,0.9594,3,Happy,0.8571,3,Happy,0.925,0,Angry,0.4574,ALL_WRONG_MIXED_LABEL,False,False
REV_021,D_all_correct_control,public,1681,5,Surprise,5,Surprise,0.9614,5,Surprise,0.9484,5,Surprise,0.9527,5,Surprise,0.9586,ALL_CORRECT,False,False
REV_022,A_high_conf_error,public,1404,1,Disgust,3,Happy,0.8826,3,Happy,0.9242,3,Happy,0.8606,3,Happy,0.8955,HIGH_CONFIDENCE_ALL_WRONG_SAME_LABEL,False,False
REV_023,D_all_correct_control,public,248,0,Angry,0,Angry,0.9608,0,Angry,0.936,0,Angry,0.9422,0,Angry,0.964,ALL_CORRECT,False,False
REV_024,B_mixed_error,private,3038,2,Fear,0,Angry,0.831,4,Sad,0.7839,0,Angry,0.819,4,Sad,0.6923,ALL_WRONG_MIXED_LABEL,False,False
REV_025,C_model_disagreement,public,3529,0,Angry,0,Angry,0.9355,2,Fear,0.6439,2,Fear,0.321,0,Angry,0.4144,SPLIT_DECISION,False,False
REV_026,B_mixed_error,public,1290,3,Happy,2,Fear,0.9467,1,Disgust,0.3909,2,Fear,0.4825,2,Fear,0.4683,ALL_WRONG_MIXED_LABEL,False,False
REV_027,C_model_disagreement,public,866,1,Disgust,4,Sad,0.4402,4,Sad,0.7817,1,Disgust,0.6805,4,Sad,0.9333,SPLIT_DECISION,False,False
REV_028,C_model_disagreement,public,2550,2,Fear,2,Fear,0.7277,3,Happy,0.6879,4,Sad,0.7424,2,Fear,0.4506,SPLIT_DECISION,False,False
REV_029,A_high_conf_error,public,2921,2,Fear,6,Neutral,0.7519,6,Neutral,0.8759,6,Neutral,0.9182,6,Neutral,0.8412,HIGH_CONFIDENCE_ALL_WRONG_SAME_LABEL,False,False
REV_030,D_all_correct_control,public,2475,2,Fear,2,Fear,0.9604,2,Fear,0.8363,2,Fear,0.8999,2,Fear,0.6005,ALL_CORRECT,False,False
REV_031,A_high_conf_error,public,1835,0,Angry,4,Sad,0.9572,4,Sad,0.9612,4,Sad,0.9417,4,Sad,0.9589,HIGH_CONFIDENCE_ALL_WRONG_SAME_LABEL,False,False
REV_032,D_all_correct_control,private,683,0,Angry,0,Angry,0.9654,0,Angry,0.9523,0,Angry,0.9498,0,Angry,0.9578,ALL_CORRECT,False,False
REV_033,A_high_conf_error,public,3173,5,Surprise,3,Happy,0.9385,3,Happy,0.8148,3,Happy,0.914,3,Happy,0.7233,HIGH_CONFIDENCE_ALL_WRONG_SAME_LABEL,False,False
REV_034,B_mixed_error,private,2089,4,Sad,6,Neutral,0.635,3,Happy,0.4623,3,Happy,0.5282,3,Happy,0.6066,ALL_WRONG_MIXED_LABEL,False,False
REV_035,A_high_conf_error,public,278,1,Disgust,0,Angry,0.9646,0,Angry,0.7826,0,Angry,0.5982,0,Angry,0.9032,HIGH_CONFIDENCE_ALL_WRONG_SAME_LABEL,False,False
REV_036,C_model_disagreement,private,2690,4,Sad,2,Fear,0.5174,4,Sad,0.4613,2,Fear,0.6269,4,Sad,0.5337,SPLIT_DECISION,False,False
REV_037,A_high_conf_error,public,1724,4,Sad,0,Angry,0.8617,0,Angry,0.7889,0,Angry,0.7689,0,Angry,0.8934,HIGH_CONFIDENCE_ALL_WRONG_SAME_LABEL,False,False
REV_038,C_model_disagreement,public,289,2,Fear,2,Fear,0.3958,6,Neutral,0.4657,0,Angry,0.2968,6,Neutral,0.9127,SPLIT_DECISION,False,False
REV_039,A_high_conf_error,private,1692,5,Surprise,2,Fear,0.9701,2,Fear,0.9251,2,Fear,0.954,2,Fear,0.9597,HIGH_CONFIDENCE_ALL_WRONG_SAME_LABEL,False,False
REV_040,D_all_correct_control,private,484,6,Neutral,6,Neutral,0.9534,6,Neutral,0.944,6,Neutral,0.9411,6,Neutral,0.9475,ALL_CORRECT,False,False
REV_041,A_high_conf_error,private,1724,1,Disgust,0,Angry,0.9668,0,Angry,0.9557,0,Angry,0.9614,0,Angry,0.9588,HIGH_CONFIDENCE_ALL_WRONG_SAME_LABEL,False,False
REV_042,B_mixed_error,public,1639,3,Happy,4,Sad,0.427,4,Sad,0.4707,2,Fear,0.5852,4,Sad,0.8135,ALL_WRONG_MIXED_LABEL,False,False
REV_043,B_mixed_error,private,3068,2,Fear,0,Angry,0.7646,4,Sad,0.675,6,Neutral,0.4327,4,Sad,0.7146,ALL_WRONG_MIXED_LABEL,False,False
REV_044,D_all_correct_control,public,2706,6,Neutral,6,Neutral,0.9362,6,Neutral,0.8375,6,Neutral,0.8617,6,Neutral,0.6416,ALL_CORRECT,False,False
REV_045,A_high_conf_error,public,2767,0,Angry,6,Neutral,0.9491,6,Neutral,0.7828,6,Neutral,0.7477,6,Neutral,0.9204,HIGH_CONFIDENCE_ALL_WRONG_SAME_LABEL,False,False
REV_046,C_model_disagreement,public,1233,4,Sad,4,Sad,0.5713,3,Happy,0.3219,4,Sad,0.912,6,Neutral,0.4736,SPLIT_DECISION,False,False
REV_047,C_model_disagreement,private,495,6,Neutral,4,Sad,0.449,6,Neutral,0.6124,4,Sad,0.3253,6,Neutral,0.9211,SPLIT_DECISION,False,False
REV_048,B_mixed_error,public,2524,3,Happy,4,Sad,0.404,4,Sad,0.4661,4,Sad,0.8915,2,Fear,0.859,ALL_WRONG_MIXED_LABEL,False,False
REV_049,B_mixed_error,public,1712,4,Sad,2,Fear,0.8331,6,Neutral,0.9048,6,Neutral,0.9091,6,Neutral,0.9447,ALL_WRONG_MIXED_LABEL,False,False
REV_050,C_model_disagreement,private,746,0,Angry,1,Disgust,0.6588,1,Disgust,0.5852,0,Angry,0.4891,0,Angry,0.6908,SPLIT_DECISION,False,False
REV_051,B_mixed_error,private,2143,2,Fear,0,Angry,0.5066,3,Happy,0.7024,0,Angry,0.7614,4,Sad,0.3561,ALL_WRONG_MIXED_LABEL,False,False
REV_052,A_high_conf_error,public,1059,1,Disgust,4,Sad,0.9699,4,Sad,0.9081,4,Sad,0.9539,4,Sad,0.9649,HIGH_CONFIDENCE_ALL_WRONG_SAME_LABEL,False,False
REV_053,A_high_conf_error,public,3218,3,Happy,6,Neutral,0.755,6,Neutral,0.9511,6,Neutral,0.6908,6,Neutral,0.94,HIGH_CONFIDENCE_ALL_WRONG_SAME_LABEL,False,False
REV_054,A_high_conf_error,private,411,0,Angry,4,Sad,0.9294,4,Sad,0.7643,4,Sad,0.9187,4,Sad,0.9514,HIGH_CONFIDENCE_ALL_WRONG_SAME_LABEL,False,False
REV_055,D_all_correct_control,public,2037,0,Angry,0,Angry,0.7774,0,Angry,0.8564,0,Angry,0.888,0,Angry,0.9575,ALL_CORRECT,False,False
REV_056,C_model_disagreement,private,1563,5,Surprise,6,Neutral,0.5288,6,Neutral,0.6991,5,Surprise,0.4001,2,Fear,0.9517,SPLIT_DECISION,False,False
REV_057,D_all_correct_control,public,3063,3,Happy,3,Happy,0.9192,3,Happy,0.9197,3,Happy,0.9391,3,Happy,0.9284,ALL_CORRECT,False,False
REV_058,A_high_conf_error,public,1615,2,Fear,3,Happy,0.9307,3,Happy,0.9478,3,Happy,0.9473,3,Happy,0.9366,HIGH_CONFIDENCE_ALL_WRONG_SAME_LABEL,False,False
REV_059,B_mixed_error,public,261,1,Disgust,0,Angry,0.3334,0,Angry,0.4386,0,Angry,0.9029,4,Sad,0.8241,ALL_WRONG_MIXED_LABEL,False,False
REV_060,C_model_disagreement,private,2848,0,Angry,2,Fear,0.8806,2,Fear,0.5689,2,Fear,0.5647,0,Angry,0.6635,SPLIT_DECISION,False,False
REV_061,A_high_conf_error,private,3523,0,Angry,6,Neutral,0.868,6,Neutral,0.9413,6,Neutral,0.8808,6,Neutral,0.9491,HIGH_CONFIDENCE_ALL_WRONG_SAME_LABEL,False,False
REV_062,B_mixed_error,private,887,0,Angry,6,Neutral,0.9562,4,Sad,0.4369,6,Neutral,0.725,6,Neutral,0.5466,ALL_WRONG_MIXED_LABEL,False,False
REV_063,C_model_disagreement,public,1309,6,Neutral,4,Sad,0.7285,6,Neutral,0.618,4,Sad,0.906,4,Sad,0.5767,SPLIT_DECISION,False,False
REV_064,C_model_disagreement,public,2691,1,Disgust,1,Disgust,0.9403,2,Fear,0.356,1,Disgust,0.5885,2,Fear,0.3809,SPLIT_DECISION,False,False
REV_065,B_mixed_error,private,1157,3,Happy,2,Fear,0.4916,2,Fear,0.8691,2,Fear,0.8371,6,Neutral,0.7953,ALL_WRONG_MIXED_LABEL,False,False
REV_066,C_model_disagreement,private,1209,3,Happy,3,Happy,0.6479,6,Neutral,0.5374,4,Sad,0.5676,4,Sad,0.7776,SPLIT_DECISION,False,False
REV_067,C_model_disagreement,private,722,4,Sad,6,Neutral,0.9575,4,Sad,0.6603,4,Sad,0.7097,6,Neutral,0.8437,SPLIT_DECISION,False,False
REV_068,D_all_correct_control,private,1926,4,Sad,4,Sad,0.9411,4,Sad,0.6509,4,Sad,0.5642,4,Sad,0.5544,ALL_CORRECT,False,False
REV_069,C_model_disagreement,private,1331,3,Happy,4,Sad,0.7083,4,Sad,0.7452,4,Sad,0.7208,3,Happy,0.4866,SPLIT_DECISION,False,False
REV_070,A_high_conf_error,private,189,1,Disgust,2,Fear,0.6426,2,Fear,0.9068,2,Fear,0.9507,2,Fear,0.9351,HIGH_CONFIDENCE_ALL_WRONG_SAME_LABEL,False,False
REV_071,C_model_disagreement,public,1827,3,Happy,3,Happy,0.7951,6,Neutral,0.7909,6,Neutral,0.5057,6,Neutral,0.6879,SPLIT_DECISION,False,False
REV_072,B_mixed_error,public,1432,1,Disgust,6,Neutral,0.8942,4,Sad,0.665,2,Fear,0.4585,4,Sad,0.6314,ALL_WRONG_MIXED_LABEL,False,False
REV_073,A_high_conf_error,private,2150,0,Angry,4,Sad,0.9326,4,Sad,0.957,4,Sad,0.8147,4,Sad,0.958,HIGH_CONFIDENCE_ALL_WRONG_SAME_LABEL,False,False
REV_074,A_high_conf_error,public,1543,1,Disgust,0,Angry,0.8363,0,Angry,0.9573,0,Angry,0.9426,0,Angry,0.959,HIGH_CONFIDENCE_ALL_WRONG_SAME_LABEL,False,False
REV_075,B_mixed_error,private,1098,6,Neutral,4,Sad,0.957,4,Sad,0.8317,2,Fear,0.4766,4,Sad,0.8065,ALL_WRONG_MIXED_LABEL,False,False
REV_076,B_mixed_error,public,142,1,Disgust,0,Angry,0.7735,4,Sad,0.7936,0,Angry,0.6724,0,Angry,0.5925,ALL_WRONG_MIXED_LABEL,False,False
REV_077,C_model_disagreement,private,1918,3,Happy,0,Angry,0.8038,3,Happy,0.8829,0,Angry,0.4717,3,Happy,0.8301,SPLIT_DECISION,False,False
REV_078,A_high_conf_error,private,552,4,Sad,2,Fear,0.9654,2,Fear,0.9645,2,Fear,0.5904,2,Fear,0.9542,HIGH_CONFIDENCE_ALL_WRONG_SAME_LABEL,False,False
REV_079,A_high_conf_error,private,1363,1,Disgust,0,Angry,0.957,0,Angry,0.9443,0,Angry,0.9624,0,Angry,0.9504,HIGH_CONFIDENCE_ALL_WRONG_SAME_LABEL,False,False
REV_080,C_model_disagreement,public,541,6,Neutral,4,Sad,0.5827,6,Neutral,0.5242,6,Neutral,0.5425,4,Sad,0.8464,SPLIT_DECISION,False,False
REV_081,A_high_conf_error,private,2858,5,Surprise,4,Sad,0.9609,4,Sad,0.8415,4,Sad,0.8107,4,Sad,0.8758,HIGH_CONFIDENCE_ALL_WRONG_SAME_LABEL,False,False
REV_082,A_high_conf_error,public,1661,6,Neutral,3,Happy,0.9398,3,Happy,0.9448,3,Happy,0.9372,3,Happy,0.9012,HIGH_CONFIDENCE_ALL_WRONG_SAME_LABEL,False,False
REV_083,B_mixed_error,public,1274,2,Fear,0,Angry,0.547,0,Angry,0.5386,4,Sad,0.5512,0,Angry,0.3862,ALL_WRONG_MIXED_LABEL,False,False
REV_084,D_all_correct_control,public,443,2,Fear,2,Fear,0.9654,2,Fear,0.7929,2,Fear,0.934,2,Fear,0.9495,ALL_CORRECT,False,False
REV_085,A_high_conf_error,public,960,0,Angry,2,Fear,0.9667,2,Fear,0.9352,2,Fear,0.9599,2,Fear,0.9346,HIGH_CONFIDENCE_ALL_WRONG_SAME_LABEL,False,False
REV_086,D_all_correct_control,public,1932,2,Fear,2,Fear,0.9655,2,Fear,0.9496,2,Fear,0.952,2,Fear,0.9552,ALL_CORRECT,True,False
REV_087,D_all_correct_control,public,560,1,Disgust,1,Disgust,0.971,1,Disgust,0.9744,1,Disgust,0.9647,1,Disgust,0.9742,ALL_CORRECT,True,False
REV_088,C_model_disagreement,public,2407,2,Fear,2,Fear,0.9447,5,Surprise,0.8657,5,Surprise,0.8959,2,Fear,0.7448,SPLIT_DECISION,False,False
REV_089,B_mixed_error,private,1499,0,Angry,2,Fear,0.4856,4,Sad,0.7815,4,Sad,0.659,4,Sad,0.6539,ALL_WRONG_MIXED_LABEL,True,True
REV_090,D_all_correct_control,public,242,6,Neutral,6,Neutral,0.8821,6,Neutral,0.9055,6,Neutral,0.9327,6,Neutral,0.9582,ALL_CORRECT,False,False
REV_091,A_high_conf_error,private,3113,4,Sad,6,Neutral,0.9114,6,Neutral,0.632,6,Neutral,0.9321,6,Neutral,0.8967,HIGH_CONFIDENCE_ALL_WRONG_SAME_LABEL,False,False
REV_092,C_model_disagreement,private,1129,5,Surprise,0,Angry,0.6042,5,Surprise,0.5956,5,Surprise,0.73,0,Angry,0.5301,SPLIT_DECISION,False,False
REV_093,A_high_conf_error,public,2153,5,Surprise,6,Neutral,0.8975,6,Neutral,0.7057,6,Neutral,0.8764,6,Neutral,0.8223,HIGH_CONFIDENCE_ALL_WRONG_SAME_LABEL,False,False
REV_094,C_model_disagreement,public,842,5,Surprise,0,Angry,0.9237,5,Surprise,0.6166,0,Angry,0.6795,2,Fear,0.5134,SPLIT_DECISION,False,False
REV_095,B_mixed_error,private,546,3,Happy,4,Sad,0.7007,4,Sad,0.7589,4,Sad,0.8642,2,Fear,0.7252,ALL_WRONG_MIXED_LABEL,False,False
REV_096,D_all_correct_control,public,2299,5,Surprise,5,Surprise,0.9432,5,Surprise,0.9286,5,Surprise,0.9482,5,Surprise,0.9497,ALL_CORRECT,False,False
REV_097,C_model_disagreement,private,2429,0,Angry,4,Sad,0.6484,0,Angry,0.6487,4,Sad,0.5058,4,Sad,0.5941,SPLIT_DECISION,False,False
REV_098,C_model_disagreement,private,2221,1,Disgust,0,Angry,0.9396,1,Disgust,0.4551,0,Angry,0.8182,0,Angry,0.474,SPLIT_DECISION,False,False
REV_099,B_mixed_error,public,497,4,Sad,5,Surprise,0.4693,0,Angry,0.8832,2,Fear,0.521,2,Fear,0.6673,ALL_WRONG_MIXED_LABEL,False,False
REV_100,A_high_conf_error,private,2434,3,Happy,4,Sad,0.9609,4,Sad,0.5077,4,Sad,0.932,4,Sad,0.8876,HIGH_CONFIDENCE_ALL_WRONG_SAME_LABEL,False,False
REV_101,C_model_disagreement,public,2506,2,Fear,4,Sad,0.4583,4,Sad,0.4458,2,Fear,0.5376,2,Fear,0.3858,SPLIT_DECISION,False,False
REV_102,B_mixed_error,public,2922,5,Surprise,3,Happy,0.4635,3,Happy,0.4083,2,Fear,0.4509,2,Fear,0.7022,ALL_WRONG_MIXED_LABEL,False,False
REV_103,C_model_disagreement,public,122,0,Angry,0,Angry,0.7127,0,Angry,0.4968,1,Disgust,0.8389,2,Fear,0.6082,SPLIT_DECISION,False,False
REV_104,D_all_correct_control,public,1584,5,Surprise,5,Surprise,0.966,5,Surprise,0.8924,5,Surprise,0.9411,5,Surprise,0.9392,ALL_CORRECT,False,False
REV_105,B_mixed_error,public,807,5,Surprise,6,Neutral,0.9274,4,Sad,0.7436,4,Sad,0.4572,4,Sad,0.509,ALL_WRONG_MIXED_LABEL,False,False
REV_106,B_mixed_error,private,3239,6,Neutral,2,Fear,0.4902,4,Sad,0.4907,4,Sad,0.8869,4,Sad,0.6515,ALL_WRONG_MIXED_LABEL,False,False
REV_107,D_all_correct_control,public,3405,2,Fear,2,Fear,0.667,2,Fear,0.7853,2,Fear,0.8736,2,Fear,0.9694,ALL_CORRECT,False,False
REV_108,A_high_conf_error,public,2463,6,Neutral,3,Happy,0.9041,3,Happy,0.7466,3,Happy,0.8702,3,Happy,0.7482,HIGH_CONFIDENCE_ALL_WRONG_SAME_LABEL,False,False
REV_109,C_model_disagreement,public,447,5,Surprise,5,Surprise,0.4885,5,Surprise,0.9341,3,Happy,0.7551,3,Happy,0.4595,SPLIT_DECISION,False,False
REV_110,D_all_correct_control,public,1788,0,Angry,0,Angry,0.9321,0,Angry,0.8343,0,Angry,0.9087,0,Angry,0.9568,ALL_CORRECT,False,False
REV_111,B_mixed_error,public,2981,6,Neutral,2,Fear,0.4607,4,Sad,0.8657,2,Fear,0.6518,4,Sad,0.6561,ALL_WRONG_MIXED_LABEL,False,False
REV_112,A_high_conf_error,private,167,0,Angry,5,Surprise,0.86,5,Surprise,0.8288,5,Surprise,0.9146,5,Surprise,0.9459,HIGH_CONFIDENCE_ALL_WRONG_SAME_LABEL,False,False
REV_113,B_mixed_error,public,389,1,Disgust,0,Angry,0.4442,4,Sad,0.7236,4,Sad,0.4665,0,Angry,0.4969,ALL_WRONG_MIXED_LABEL,False,False
REV_114,A_high_conf_error,public,431,4,Sad,6,Neutral,0.8734,6,Neutral,0.9076,6,Neutral,0.7432,6,Neutral,0.8571,HIGH_CONFIDENCE_ALL_WRONG_SAME_LABEL,False,False
REV_115,D_all_correct_control,public,3411,1,Disgust,1,Disgust,0.9615,1,Disgust,0.9534,1,Disgust,0.5804,1,Disgust,0.8417,ALL_CORRECT,False,False
REV_116,D_all_correct_control,private,1828,1,Disgust,1,Disgust,0.9668,1,Disgust,0.9531,1,Disgust,0.9684,1,Disgust,0.9612,ALL_CORRECT,False,False
REV_117,C_model_disagreement,private,814,2,Fear,2,Fear,0.9638,4,Sad,0.6405,4,Sad,0.5591,2,Fear,0.7977,SPLIT_DECISION,True,False
REV_118,C_model_disagreement,public,2219,1,Disgust,1,Disgust,0.4704,3,Happy,0.4526,3,Happy,0.4475,0,Angry,0.2647,SPLIT_DECISION,True,False
REV_119,D_all_correct_control,private,1936,3,Happy,3,Happy,0.955,3,Happy,0.9554,3,Happy,0.9536,3,Happy,0.949,ALL_CORRECT,False,False
REV_120,A_high_conf_error,private,3475,2,Fear,0,Angry,0.9318,0,Angry,0.8626,0,Angry,0.9475,0,Angry,0.9593,HIGH_CONFIDENCE_ALL_WRONG_SAME_LABEL,False,False
REV_121,A_high_conf_error,public,499,2,Fear,5,Surprise,0.9519,5,Surprise,0.874,5,Surprise,0.9448,5,Surprise,0.9379,HIGH_CONFIDENCE_ALL_WRONG_SAME_LABEL,False,False
REV_122,A_high_conf_error,private,2678,3,Happy,5,Surprise,0.9596,5,Surprise,0.8927,5,Surprise,0.9044,5,Surprise,0.94,HIGH_CONFIDENCE_ALL_WRONG_SAME_LABEL,False,False
REV_123,B_mixed_error,private,2988,6,Neutral,2,Fear,0.8853,4,Sad,0.5148,2,Fear,0.5098,4,Sad,0.5836,ALL_WRONG_MIXED_LABEL,False,False
REV_124,B_mixed_error,public,1763,6,Neutral,2,Fear,0.91,4,Sad,0.8236,4,Sad,0.8653,4,Sad,0.7857,ALL_WRONG_MIXED_LABEL,False,False
REV_125,C_model_disagreement,private,882,5,Surprise,5,Surprise,0.7476,2,Fear,0.7166,5,Surprise,0.5584,2,Fear,0.5504,SPLIT_DECISION,False,False
REV_126,C_model_disagreement,public,773,2,Fear,4,Sad,0.656,2,Fear,0.5798,4,Sad,0.9013,4,Sad,0.9455,SPLIT_DECISION,False,False
REV_127,A_high_conf_error,private,889,0,Angry,6,Neutral,0.9546,6,Neutral,0.918,6,Neutral,0.9507,6,Neutral,0.6349,HIGH_CONFIDENCE_ALL_WRONG_SAME_LABEL,False,False
REV_128,C_model_disagreement,private,338,6,Neutral,6,Neutral,0.8755,2,Fear,0.6881,2,Fear,0.6439,6,Neutral,0.7589,SPLIT_DECISION,False,False
REV_129,B_mixed_error,private,235,2,Fear,4,Sad,0.3884,4,Sad,0.5749,4,Sad,0.7633,6,Neutral,0.6293,ALL_WRONG_MIXED_LABEL,False,False
REV_130,C_model_disagreement,public,35,4,Sad,2,Fear,0.7919,4,Sad,0.7785,4,Sad,0.4925,2,Fear,0.4816,SPLIT_DECISION,False,False
REV_131,D_all_correct_control,private,3180,6,Neutral,6,Neutral,0.9544,6,Neutral,0.926,6,Neutral,0.9357,6,Neutral,0.9355,ALL_CORRECT,False,False
REV_132,B_mixed_error,private,2154,3,Happy,6,Neutral,0.2853,5,Surprise,0.9395,5,Surprise,0.9353,5,Surprise,0.907,ALL_WRONG_MIXED_LABEL,False,False
REV_133,A_high_conf_error,public,1175,5,Surprise,4,Sad,0.9666,4,Sad,0.548,4,Sad,0.9511,4,Sad,0.9582,HIGH_CONFIDENCE_ALL_WRONG_SAME_LABEL,False,False
REV_134,B_mixed_error,public,3208,0,Angry,2,Fear,0.9478,2,Fear,0.7202,2,Fear,0.7961,4,Sad,0.6066,ALL_WRONG_MIXED_LABEL,False,False
REV_135,A_high_conf_error,private,2977,3,Happy,4,Sad,0.9618,4,Sad,0.9348,4,Sad,0.9559,4,Sad,0.9587,HIGH_CONFIDENCE_ALL_WRONG_SAME_LABEL,False,False
REV_136,D_all_correct_control,public,172,5,Surprise,5,Surprise,0.9571,5,Surprise,0.9446,5,Surprise,0.9559,5,Surprise,0.9462,ALL_CORRECT,True,False
REV_137,B_mixed_error,public,2517,5,Surprise,6,Neutral,0.6582,2,Fear,0.8944,2,Fear,0.7212,0,Angry,0.4967,ALL_WRONG_MIXED_LABEL,False,False
REV_138,C_model_disagreement,private,2117,2,Fear,2,Fear,0.8751,4,Sad,0.5336,0,Angry,0.3767,4,Sad,0.3649,SPLIT_DECISION,False,False
REV_139,C_model_disagreement,private,133,0,Angry,0,Angry,0.9451,4,Sad,0.5029,4,Sad,0.8236,0,Angry,0.811,SPLIT_DECISION,False,False
REV_140,D_all_correct_control,private,198,2,Fear,2,Fear,0.9636,2,Fear,0.9629,2,Fear,0.9629,2,Fear,0.9525,ALL_CORRECT,False,False
REV_141,D_all_correct_control,public,1301,6,Neutral,6,Neutral,0.8815,6,Neutral,0.9247,6,Neutral,0.7204,6,Neutral,0.7297,ALL_CORRECT,False,False
REV_142,D_all_correct_control,private,2495,1,Disgust,1,Disgust,0.9652,1,Disgust,0.8883,1,Disgust,0.9553,1,Disgust,0.9647,ALL_CORRECT,False,False
REV_143,C_model_disagreement,public,1930,1,Disgust,0,Angry,0.606,1,Disgust,0.5312,1,Disgust,0.8917,0,Angry,0.9113,SPLIT_DECISION,False,False
REV_144,A_high_conf_error,public,94,5,Surprise,0,Angry,0.9198,0,Angry,0.8771,0,Angry,0.952,0,Angry,0.9497,HIGH_CONFIDENCE_ALL_WRONG_SAME_LABEL,False,False
REV_145,B_mixed_error,public,1359,5,Surprise,3,Happy,0.2957,6,Neutral,0.8801,2,Fear,0.8345,0,Angry,0.3828,ALL_WRONG_MIXED_LABEL,False,False
REV_146,A_high_conf_error,public,2097,2,Fear,3,Happy,0.8837,3,Happy,0.9552,3,Happy,0.8906,3,Happy,0.9543,HIGH_CONFIDENCE_ALL_WRONG_SAME_LABEL,False,False
REV_147,A_high_conf_error,private,903,4,Sad,6,Neutral,0.9107,6,Neutral,0.909,6,Neutral,0.8099,6,Neutral,0.9279,HIGH_CONFIDENCE_ALL_WRONG_SAME_LABEL,False,False
REV_148,D_all_correct_control,public,2487,1,Disgust,1,Disgust,0.9661,1,Disgust,0.9651,1,Disgust,0.8978,1,Disgust,0.9489,ALL_CORRECT,False,False
REV_149,C_model_disagreement,private,2207,1,Disgust,1,Disgust,0.6898,0,Angry,0.4726,1,Disgust,0.5919,0,Angry,0.8766,SPLIT_DECISION,False,False
REV_150,C_model_disagreement,private,860,5,Surprise,2,Fear,0.462,2,Fear,0.4813,5,Surprise,0.8906,5,Surprise,0.5206,SPLIT_DECISION,False,False
REV_151,D_all_correct_control,private,956,4,Sad,4,Sad,0.941,4,Sad,0.9022,4,Sad,0.9308,4,Sad,0.8901,ALL_CORRECT,False,False
REV_152,D_all_correct_control,public,1895,3,Happy,3,Happy,0.5824,3,Happy,0.9484,3,Happy,0.9146,3,Happy,0.877,ALL_CORRECT,False,False
REV_153,D_all_correct_control,public,449,1,Disgust,1,Disgust,0.971,1,Disgust,0.9776,1,Disgust,0.9676,1,Disgust,0.9636,ALL_CORRECT,True,False
REV_154,B_mixed_error,public,519,4,Sad,6,Neutral,0.3923,6,Neutral,0.8931,3,Happy,0.716,6,Neutral,0.6837,ALL_WRONG_MIXED_LABEL,False,False
REV_155,A_high_conf_error,public,3284,6,Neutral,3,Happy,0.9343,3,Happy,0.753,3,Happy,0.9406,3,Happy,0.8175,HIGH_CONFIDENCE_ALL_WRONG_SAME_LABEL,False,False
REV_156,C_model_disagreement,public,1936,4,Sad,6,Neutral,0.8853,4,Sad,0.6293,4,Sad,0.543,6,Neutral,0.7392,SPLIT_DECISION,False,False
REV_157,A_high_conf_error,private,2223,6,Neutral,3,Happy,0.8872,3,Happy,0.782,3,Happy,0.9358,3,Happy,0.9267,HIGH_CONFIDENCE_ALL_WRONG_SAME_LABEL,False,False
REV_158,D_all_correct_control,public,267,3,Happy,3,Happy,0.9521,3,Happy,0.9526,3,Happy,0.9496,3,Happy,0.9505,ALL_CORRECT,False,False
REV_159,B_mixed_error,private,3380,5,Surprise,4,Sad,0.4991,6,Neutral,0.6733,4,Sad,0.6403,4,Sad,0.7472,ALL_WRONG_MIXED_LABEL,False,False
REV_160,A_high_conf_error,private,1189,6,Neutral,3,Happy,0.963,3,Happy,0.8907,3,Happy,0.9517,3,Happy,0.9488,HIGH_CONFIDENCE_ALL_WRONG_SAME_LABEL,False,False
REV_161,B_mixed_error,public,2515,5,Surprise,0,Angry,0.4617,2,Fear,0.6278,0,Angry,0.766,0,Angry,0.7159,ALL_WRONG_MIXED_LABEL,False,False
REV_162,D_all_correct_control,private,1015,5,Surprise,5,Surprise,0.9606,5,Surprise,0.962,5,Surprise,0.9374,5,Surprise,0.9517,ALL_CORRECT,True,False
REV_163,C_model_disagreement,private,1262,0,Angry,6,Neutral,0.9549,6,Neutral,0.6752,6,Neutral,0.9385,0,Angry,0.3263,SPLIT_DECISION,False,False
REV_164,B_mixed_error,private,1955,0,Angry,2,Fear,0.9483,2,Fear,0.8628,1,Disgust,0.5854,1,Disgust,0.892,ALL_WRONG_MIXED_LABEL,False,False
REV_165,C_model_disagreement,public,2027,6,Neutral,6,Neutral,0.9521,6,Neutral,0.7891,0,Angry,0.6725,0,Angry,0.781,SPLIT_DECISION,False,False
REV_166,D_all_correct_control,private,789,3,Happy,3,Happy,0.9179,3,Happy,0.9494,3,Happy,0.9298,3,Happy,0.9584,ALL_CORRECT,False,False
REV_167,C_model_disagreement,private,715,6,Neutral,3,Happy,0.5137,6,Neutral,0.5123,6,Neutral,0.5932,3,Happy,0.6472,SPLIT_DECISION,False,False
REV_168,D_all_correct_control,private,2926,6,Neutral,6,Neutral,0.9544,6,Neutral,0.9651,6,Neutral,0.945,6,Neutral,0.961,ALL_CORRECT,False,False
REV_169,D_all_correct_control,public,3495,0,Angry,0,Angry,0.9637,0,Angry,0.9441,0,Angry,0.9398,0,Angry,0.9466,ALL_CORRECT,False,False
REV_170,B_mixed_error,private,1832,6,Neutral,3,Happy,0.4882,4,Sad,0.3992,5,Surprise,0.5759,2,Fear,0.532,ALL_WRONG_MIXED_LABEL,False,False
REV_171,D_all_correct_control,public,689,3,Happy,3,Happy,0.9406,3,Happy,0.8657,3,Happy,0.9477,3,Happy,0.9363,ALL_CORRECT,False,False
REV_172,C_model_disagreement,public,818,0,Angry,4,Sad,0.9478,4,Sad,0.3363,0,Angry,0.2947,4,Sad,0.9188,SPLIT_DECISION,False,False
REV_173,D_all_correct_control,public,3073,2,Fear,2,Fear,0.9564,2,Fear,0.9131,2,Fear,0.8489,2,Fear,0.9353,ALL_CORRECT,False,False
REV_174,D_all_correct_control,private,334,6,Neutral,6,Neutral,0.9619,6,Neutral,0.958,6,Neutral,0.9495,6,Neutral,0.9513,ALL_CORRECT,False,False
REV_175,B_mixed_error,public,2198,1,Disgust,6,Neutral,0.7938,0,Angry,0.3657,3,Happy,0.6185,3,Happy,0.427,ALL_WRONG_MIXED_LABEL,False,False
REV_176,C_model_disagreement,public,3580,1,Disgust,1,Disgust,0.9596,0,Angry,0.5006,4,Sad,0.6224,1,Disgust,0.335,SPLIT_DECISION,False,False
REV_177,D_all_correct_control,private,110,0,Angry,0,Angry,0.9665,0,Angry,0.9606,0,Angry,0.9617,0,Angry,0.9622,ALL_CORRECT,False,False
REV_178,C_model_disagreement,public,1702,4,Sad,4,Sad,0.5199,2,Fear,0.5848,0,Angry,0.7247,6,Neutral,0.4857,SPLIT_DECISION,False,False
REV_179,B_mixed_error,public,2496,1,Disgust,2,Fear,0.5862,2,Fear,0.9129,5,Surprise,0.496,5,Surprise,0.7092,ALL_WRONG_MIXED_LABEL,False,False
REV_180,D_all_correct_control,private,1592,0,Angry,0,Angry,0.9579,0,Angry,0.6201,0,Angry,0.8757,0,Angry,0.8204,ALL_CORRECT,False,False
REV_181,D_all_correct_control,public,214,4,Sad,4,Sad,0.9384,4,Sad,0.6876,4,Sad,0.8568,4,Sad,0.6287,ALL_CORRECT,False,False
REV_182,A_high_conf_error,public,1134,3,Happy,6,Neutral,0.872,6,Neutral,0.7346,6,Neutral,0.7922,6,Neutral,0.819,HIGH_CONFIDENCE_ALL_WRONG_SAME_LABEL,False,False
REV_183,B_mixed_error,public,1701,4,Sad,2,Fear,0.9545,5,Surprise,0.6292,2,Fear,0.934,2,Fear,0.8166,ALL_WRONG_MIXED_LABEL,False,False
REV_184,D_all_correct_control,private,3332,4,Sad,4,Sad,0.9631,4,Sad,0.9218,4,Sad,0.8153,4,Sad,0.9136,ALL_CORRECT,False,False
REV_185,B_mixed_error,public,2740,2,Fear,4,Sad,0.6591,4,Sad,0.7277,4,Sad,0.4457,0,Angry,0.7843,ALL_WRONG_MIXED_LABEL,False,False
REV_186,A_high_conf_error,private,1216,6,Neutral,0,Angry,0.9634,0,Angry,0.6247,0,Angry,0.862,0,Angry,0.9124,HIGH_CONFIDENCE_ALL_WRONG_SAME_LABEL,False,False
REV_187,D_all_correct_control,private,644,3,Happy,3,Happy,0.9307,3,Happy,0.6449,3,Happy,0.8323,3,Happy,0.9129,ALL_CORRECT,False,False
REV_188,D_all_correct_control,private,2978,5,Surprise,5,Surprise,0.9587,5,Surprise,0.9349,5,Surprise,0.9578,5,Surprise,0.9502,ALL_CORRECT,False,False
REV_189,D_all_correct_control,public,2119,1,Disgust,1,Disgust,0.9679,1,Disgust,0.9715,1,Disgust,0.9635,1,Disgust,0.9677,ALL_CORRECT,True,False
REV_190,A_high_conf_error,public,1980,3,Happy,6,Neutral,0.9544,6,Neutral,0.8123,6,Neutral,0.9453,6,Neutral,0.9377,HIGH_CONFIDENCE_ALL_WRONG_SAME_LABEL,False,False
REV_191,A_high_conf_error,private,398,2,Fear,5,Surprise,0.9568,5,Surprise,0.8048,5,Surprise,0.8613,5,Surprise,0.8305,HIGH_CONFIDENCE_ALL_WRONG_SAME_LABEL,False,False
REV_192,C_model_disagreement,public,3089,6,Neutral,6,Neutral,0.6207,4,Sad,0.5232,4,Sad,0.7611,4,Sad,0.8266,SPLIT_DECISION,False,False
REV_193,B_mixed_error,private,1453,0,Angry,4,Sad,0.9056,2,Fear,0.3879,2,Fear,0.3879,6,Neutral,0.4025,ALL_WRONG_MIXED_LABEL,False,False
REV_194,B_mixed_error,private,1652,5,Surprise,0,Angry,0.7147,0,Angry,0.4571,6,Neutral,0.7445,0,Angry,0.343,ALL_WRONG_MIXED_LABEL,False,False
REV_195,C_model_disagreement,private,2752,3,Happy,3,Happy,0.9373,6,Neutral,0.541,3,Happy,0.9144,6,Neutral,0.5004,SPLIT_DECISION,False,False
REV_196,B_mixed_error,public,1588,3,Happy,6,Neutral,0.9156,0,Angry,0.3714,0,Angry,0.4586,2,Fear,0.5066,ALL_WRONG_MIXED_LABEL,False,False
REV_197,A_high_conf_error,private,1757,5,Surprise,3,Happy,0.6381,3,Happy,0.8568,3,Happy,0.8405,3,Happy,0.8714,HIGH_CONFIDENCE_ALL_WRONG_SAME_LABEL,False,False
REV_198,B_mixed_error,private,630,4,Sad,2,Fear,0.7617,2,Fear,0.7291,2,Fear,0.4861,0,Angry,0.45,ALL_WRONG_MIXED_LABEL,False,False
REV_199,D_all_correct_control,public,745,2,Fear,2,Fear,0.9604,2,Fear,0.9209,2,Fear,0.8957,2,Fear,0.8958,ALL_CORRECT,False,False
REV_200,C_model_disagreement,public,934,3,Happy,3,Happy,0.5243,0,Angry,0.7095,0,Angry,0.3275,0,Angry,0.6828,SPLIT_DECISION,False,False
