test_split,test_row_index,test_label,test_class,raw_cosine_similarity,raw_nn_train_index,raw_nn_train_label,raw_nn_train_class,raw_label_conflict,gradient_cosine_similarity,gradient_nn_train_index,gradient_nn_train_label,gradient_nn_train_class,gradient_label_conflict,extreme_near_duplicate
public,3119,1,Disgust,1.0000096559524536,16556,1,Disgust,False,1.0,16556,1,Disgust,False,True
private,187,2,Fear,1.0000073909759521,17486,2,Fear,False,0.9999998807907104,17486,2,Fear,False,True
private,2305,6,Neutral,1.0000073909759521,13132,6,Neutral,False,1.0000001192092896,13132,6,Neutral,False,True
private,2325,0,Angry,1.000006914138794,10490,0,Angry,False,0.9999998807907104,10490,0,Angry,False,True
private,706,1,Disgust,1.0000059604644775,4882,1,Disgust,False,0.9999996423721313,4882,1,Disgust,False,True
private,1134,4,Sad,1.0000059604644775,23290,4,Sad,False,0.9999999403953552,23290,4,Sad,False,True
public,891,5,Surprise,1.0000057220458984,7485,5,Surprise,False,0.9999998807907104,7485,5,Surprise,False,True
public,1433,5,Surprise,1.0000057220458984,7485,5,Surprise,False,0.9999998807907104,7485,5,Surprise,False,True
public,2544,0,Angry,1.0000057220458984,5962,0,Angry,False,0.9999995231628418,5962,0,Angry,False,True
private,1787,0,Angry,1.0000056028366089,20997,0,Angry,False,0.9999999403953552,20997,0,Angry,False,False
public,1916,5,Surprise,1.0000054836273193,8973,5,Surprise,False,1.0,8973,5,Surprise,False,False
private,1244,0,Angry,1.0000051259994507,1639,0,Angry,False,0.9999998211860657,1639,0,Angry,False,False
public,2219,1,Disgust,1.0000050067901611,9145,1,Disgust,False,0.9999999403953552,9145,1,Disgust,False,False
private,1448,5,Surprise,1.0000046491622925,27782,5,Surprise,False,0.9999998211860657,27782,5,Surprise,False,False
public,1665,6,Neutral,1.000004529953003,14387,6,Neutral,False,1.0,14387,6,Neutral,False,False
public,2750,4,Sad,1.000004529953003,7412,4,Sad,False,0.9999998211860657,7412,4,Sad,False,False
public,3140,0,Angry,1.000004529953003,16297,0,Angry,False,0.9999998807907104,16297,0,Angry,False,False
public,1841,1,Disgust,1.0000044107437134,13263,1,Disgust,False,0.9999999403953552,13263,1,Disgust,False,False
public,3551,1,Disgust,1.0000044107437134,13263,1,Disgust,False,0.9999999403953552,13263,1,Disgust,False,False
public,1442,2,Fear,1.0000042915344238,12994,2,Fear,False,0.9999997615814209,12994,2,Fear,False,False
public,1797,0,Angry,1.0000042915344238,17181,0,Angry,False,1.0000001192092896,17181,0,Angry,False,False
private,1135,0,Angry,1.0000042915344238,17181,0,Angry,False,1.0000001192092896,17181,0,Angry,False,False
private,3368,5,Surprise,1.0000042915344238,20387,5,Surprise,False,1.0000001192092896,20387,5,Surprise,False,False
public,489,6,Neutral,1.0000041723251343,16427,6,Neutral,False,1.0,16427,6,Neutral,False,False
private,3326,0,Angry,1.0000041723251343,2165,0,Angry,False,1.0000001192092896,2165,0,Angry,False,False
public,1160,2,Fear,1.0000039339065552,158,2,Fear,False,1.0,158,2,Fear,False,False
public,1972,5,Surprise,1.0000039339065552,18891,5,Surprise,False,0.9999999403953552,18891,5,Surprise,False,False
private,934,5,Surprise,1.0000038146972656,28227,5,Surprise,False,1.0000001192092896,28227,5,Surprise,False,False
private,1816,5,Surprise,1.000003695487976,322,5,Surprise,False,1.0,322,5,Surprise,False,False
private,2627,2,Fear,1.000003695487976,10978,2,Fear,False,0.9999997615814209,10978,2,Fear,False,False
public,226,5,Surprise,1.0000035762786865,15461,5,Surprise,False,1.000000238418579,15461,5,Surprise,False,False
public,3066,5,Surprise,1.0000035762786865,21662,5,Surprise,False,1.0000001192092896,21662,5,Surprise,False,False
private,2070,3,Happy,1.0000035762786865,21488,3,Happy,False,1.0000001192092896,21488,3,Happy,False,False
public,2479,2,Fear,1.000003457069397,4308,2,Fear,False,1.000000238418579,4308,2,Fear,False,False
private,418,5,Surprise,1.0000033378601074,4513,5,Surprise,False,0.9999998807907104,4513,5,Surprise,False,False
private,1670,0,Angry,1.0000033378601074,5009,0,Angry,False,1.0000001192092896,5009,0,Angry,False,False
private,2281,0,Angry,1.0000033378601074,5682,0,Angry,False,0.9999998211860657,5682,0,Angry,False,False
private,560,0,Angry,1.0000030994415283,2108,0,Angry,False,1.0000003576278687,2108,0,Angry,False,False
private,1089,1,Disgust,1.0000030994415283,5335,1,Disgust,False,1.000000238418579,5335,1,Disgust,False,False
public,155,5,Surprise,1.0000028610229492,7431,5,Surprise,False,1.000000238418579,7431,5,Surprise,False,False
public,1010,0,Angry,1.0000027418136597,24002,0,Angry,False,1.000000238418579,24002,0,Angry,False,False
private,1182,3,Happy,1.0000027418136597,1969,3,Happy,False,1.0000004768371582,1969,3,Happy,False,True
public,1592,6,Neutral,1.0000026226043701,11086,6,Neutral,False,1.0000003576278687,11086,6,Neutral,False,True
public,1462,0,Angry,1.0000025033950806,25904,0,Angry,False,1.000000238418579,25904,0,Angry,False,False
private,2765,5,Surprise,1.0000025033950806,7221,5,Surprise,False,1.0000003576278687,7221,5,Surprise,False,False
public,3269,5,Surprise,1.000002384185791,13018,5,Surprise,False,1.0000003576278687,13018,5,Surprise,False,True
private,1523,6,Neutral,1.000002384185791,26069,6,Neutral,False,1.000000238418579,26069,6,Neutral,False,False
private,687,5,Surprise,1.0000022649765015,14615,5,Surprise,False,1.000000238418579,14615,5,Surprise,False,False
private,1603,6,Neutral,1.0000020265579224,28175,6,Neutral,False,1.000000238418579,28175,6,Neutral,False,False
public,2805,3,Happy,1.0000016689300537,713,3,Happy,False,1.000000238418579,713,3,Happy,False,False
private,1482,4,Sad,1.0000016689300537,17499,4,Sad,False,1.000000238418579,17499,4,Sad,False,False
public,2723,6,Neutral,1.0000014305114746,996,6,Neutral,False,1.000000238418579,996,6,Neutral,False,False
private,451,5,Surprise,1.0000014305114746,595,5,Surprise,False,1.000000238418579,595,5,Surprise,False,False
public,2854,5,Surprise,1.000001311302185,2461,5,Surprise,False,1.000000238418579,2461,5,Surprise,False,False
public,880,3,Happy,1.0000011920928955,21872,3,Happy,False,1.0000003576278687,21872,3,Happy,False,True
public,76,5,Surprise,1.000001072883606,10249,5,Surprise,False,1.000000238418579,10249,5,Surprise,False,False
public,3212,0,Angry,1.000001072883606,8096,0,Angry,False,1.000000238418579,8096,0,Angry,False,False
public,3252,5,Surprise,1.000001072883606,10249,5,Surprise,False,1.000000238418579,10249,5,Surprise,False,False
public,1110,4,Sad,1.0000008344650269,17215,4,Sad,False,1.000000238418579,17215,4,Sad,False,False
public,1140,5,Surprise,1.0000008344650269,22305,5,Surprise,False,1.000000238418579,22305,5,Surprise,False,False
private,626,5,Surprise,1.0000008344650269,28051,5,Surprise,False,1.000000238418579,28051,5,Surprise,False,False
private,986,1,Disgust,1.0000008344650269,27765,1,Disgust,False,1.000000238418579,27765,1,Disgust,False,False
public,1299,5,Surprise,0.9999986290931702,20774,5,Surprise,False,1.0000007152557373,20774,5,Surprise,False,True
public,1839,0,Angry,1.0000007152557373,13735,0,Angry,False,1.000000238418579,13735,0,Angry,False,False
public,2164,5,Surprise,1.0000007152557373,27830,5,Surprise,False,1.000000238418579,27830,5,Surprise,False,False
private,2408,5,Surprise,1.0000007152557373,11111,5,Surprise,False,1.0000003576278687,11111,5,Surprise,False,False
private,2692,5,Surprise,1.0000007152557373,9985,5,Surprise,False,1.0000003576278687,9985,5,Surprise,False,False
private,271,2,Fear,1.0000005960464478,18527,2,Fear,False,1.000000238418579,18527,2,Fear,False,False
private,845,5,Surprise,1.0000005960464478,26820,5,Surprise,False,1.000000238418579,26820,5,Surprise,False,False
private,1237,2,Fear,1.0000005960464478,22438,2,Fear,False,1.000000238418579,22438,2,Fear,False,False
public,2904,0,Angry,0.999999463558197,3273,0,Angry,False,1.0000004768371582,3273,0,Angry,False,True
private,1273,2,Fear,0.9999988079071045,663,2,Fear,False,1.0000004768371582,663,2,Fear,False,True
private,3233,5,Surprise,0.9999999403953552,24124,5,Surprise,False,1.0000004768371582,24124,5,Surprise,False,True
private,3321,0,Angry,1.0000003576278687,10207,0,Angry,False,1.0000004768371582,10207,0,Angry,False,True
public,1943,3,Happy,1.0000001192092896,17234,3,Happy,False,1.0000003576278687,17234,3,Happy,False,True
public,2102,5,Surprise,0.9999980330467224,6133,5,Surprise,False,1.0000003576278687,6133,5,Surprise,False,True
public,2119,1,Disgust,1.0000003576278687,10112,1,Disgust,False,1.000000238418579,10112,1,Disgust,False,False
public,2220,5,Surprise,1.0000003576278687,4915,5,Surprise,False,1.000000238418579,4915,5,Surprise,False,False
private,134,5,Surprise,1.0000001192092896,17514,5,Surprise,False,1.0000003576278687,17514,5,Surprise,False,False
private,906,2,Fear,0.9999995231628418,26115,2,Fear,False,1.0000003576278687,26115,2,Fear,False,False
private,2107,0,Angry,1.0000003576278687,2891,0,Angry,False,1.000000238418579,2891,0,Angry,False,False
private,2445,5,Surprise,1.0000003576278687,4915,5,Surprise,False,1.000000238418579,4915,5,Surprise,False,False
private,2876,5,Surprise,0.9999997615814209,17290,5,Surprise,False,1.0000003576278687,17290,5,Surprise,False,False
public,460,5,Surprise,0.9999932646751404,9136,5,Surprise,False,1.000000238418579,9136,5,Surprise,False,False
public,619,2,Fear,0.9999980926513672,14125,2,Fear,False,1.000000238418579,14125,2,Fear,False,False
public,849,5,Surprise,0.9999992251396179,26455,5,Surprise,False,1.000000238418579,26455,5,Surprise,False,False
public,994,4,Sad,0.9999997019767761,25548,4,Sad,False,1.000000238418579,25548,4,Sad,False,False
public,1243,5,Surprise,0.9999985098838806,11339,5,Surprise,False,1.000000238418579,11339,5,Surprise,False,False
public,1368,2,Fear,0.9999995827674866,4602,2,Fear,False,1.000000238418579,4602,2,Fear,False,False
public,1601,4,Sad,0.9999983310699463,1223,4,Sad,False,1.000000238418579,1223,4,Sad,False,False
public,2294,3,Happy,0.9999995231628418,6578,3,Happy,False,1.000000238418579,6578,3,Happy,False,False
public,2659,1,Disgust,0.999997079372406,12058,1,Disgust,False,1.000000238418579,12058,1,Disgust,False,False
public,3467,5,Surprise,0.9999992251396179,13529,5,Surprise,False,1.000000238418579,13529,5,Surprise,False,False
public,3505,5,Surprise,0.9999969601631165,18764,5,Surprise,False,1.000000238418579,18764,5,Surprise,False,False
private,455,5,Surprise,0.9999987483024597,20141,5,Surprise,False,1.000000238418579,20141,5,Surprise,False,False
private,766,0,Angry,0.9999989867210388,10666,0,Angry,False,1.000000238418579,10666,0,Angry,False,False
private,1015,5,Surprise,0.9999986290931702,11139,5,Surprise,False,1.000000238418579,11139,5,Surprise,False,False
private,1268,6,Neutral,0.9999950528144836,14069,4,Sad,True,1.000000238418579,14069,4,Sad,True,False
private,1534,5,Surprise,0.9999982118606567,6598,5,Surprise,False,1.000000238418579,6598,5,Surprise,False,False
private,1556,3,Happy,0.9999992251396179,19899,3,Happy,False,1.000000238418579,19899,3,Happy,False,False
private,1574,6,Neutral,0.9999991059303284,25593,6,Neutral,False,1.000000238418579,25593,6,Neutral,False,False
private,1613,5,Surprise,0.9999986290931702,18178,5,Surprise,False,1.000000238418579,18178,5,Surprise,False,False
private,1653,4,Sad,0.9999998807907104,2101,4,Sad,False,1.000000238418579,2101,4,Sad,False,False
private,1699,5,Surprise,0.9999986290931702,18178,5,Surprise,False,1.000000238418579,18178,5,Surprise,False,False
private,1825,6,Neutral,0.9999971985816956,12009,6,Neutral,False,1.000000238418579,12009,6,Neutral,False,False
private,2084,2,Fear,0.9999962449073792,16270,2,Fear,False,1.000000238418579,16270,2,Fear,False,False
private,2270,5,Surprise,0.999997615814209,6050,5,Surprise,False,1.000000238418579,6050,5,Surprise,False,False
private,2285,5,Surprise,0.9999991059303284,25466,5,Surprise,False,1.000000238418579,25466,5,Surprise,False,False
private,2384,6,Neutral,0.9999989867210388,21986,6,Neutral,False,1.000000238418579,21986,6,Neutral,False,False
private,2913,5,Surprise,0.9999983310699463,17677,5,Surprise,False,1.000000238418579,17677,5,Surprise,False,False
private,3017,2,Fear,1.000000238418579,3124,2,Fear,False,1.000000238418579,3124,2,Fear,False,False
private,3127,0,Angry,0.9999973773956299,19541,0,Angry,False,1.000000238418579,19541,0,Angry,False,False
private,3345,2,Fear,0.9999985694885254,8013,2,Fear,False,1.000000238418579,8013,2,Fear,False,False
